FK_Name,ModelID,Num_ModelID,ObjectID,NumOID,ImportID,Child_Table_Name,Referred_Table_Name,Engineer,Delete_Rule,Child_Table_ID,Num_Child_Table_ID,Referred_Table_ID,Num_Referred_Table_ID,Referred_Key_ID,Num_Referred_Key_ID,Number_Of_Columns
ABSTRCT_INSTRMNT_RL_INSTRMNT_FK,DAAC984B-B2E8-C145-BF34-9BFB502D9CBB,508,FC4C51D0-51F8-0C5E-B108-B62E350A99D0,1779,,ABSTRCT_INSTRMNT_RL,INSTRMNT,Y,NO ACTION,59931FDF-8E75-BD96-3057-1060F2324E7D,509,87B8F2F3-99B6-4C31-89BC-9DDA04011559,542,EC345D9A-51E2-5DC6-D10B-140804874BCB,1643,3
ASST_PL_DBT_SCRTY_PSTN_ASSGNMNT_ASST_PL_FK,DAAC984B-B2E8-C145-BF34-9BFB502D9CBB,508,55A9F619-7A34-9B1C-4C8F-894655B534B8,1780,,ASST_PL_DBT_SCRTY_PSTN_ASSGNMNT,ASST_PL,Y,NO ACTION,66F3E9E8-4B99-0817-A12F-F64F2038DA71,511,3BEF4F55-DD4D-E3AD-F434-7162FC998383,510,42855C26-9177-C2C5-8059-0A27C7CEE908,1589,3
ASST_PL_DBT_SCRTY_PSTN_ASSGNMNT_SCRTY_PSTN_FK,DAAC984B-B2E8-C145-BF34-9BFB502D9CBB,508,0BC42B64-8F1E-ECCF-D8EF-63D1F133BB44,1781,,ASST_PL_DBT_SCRTY_PSTN_ASSGNMNT,SCRTY_PSTN,Y,NO ACTION,66F3E9E8-4B99-0817-A12F-F64F2038DA71,511,C90D678E-EB19-129D-06C6-1289B6CB3DA4,589,740D3734-0D2F-BCB2-5754-FA24997CB41B,1768,5
ASST_PL_EQT_INSTRMNT_NT_SCRT_ASSGNMNT_ASST_PL_FK,DAAC984B-B2E8-C145-BF34-9BFB502D9CBB,508,38516D6E-4E65-D6AC-B006-1BF1D4EEE1C9,1782,,ASST_PL_EQT_INSTRMNT_NT_SCRT_ASSGNMNT,ASST_PL,Y,NO ACTION,1F52C05C-8081-83B4-E1F6-DAFA19FEBA90,512,3BEF4F55-DD4D-E3AD-F434-7162FC998383,510,42855C26-9177-C2C5-8059-0A27C7CEE908,1589,3
ASST_PL_EQT_INSTRMNT_NT_SCRT_ASSGNMNT_INSTRMNT_FK,DAAC984B-B2E8-C145-BF34-9BFB502D9CBB,508,609C9B9D-8EB5-3821-4513-EC49F0D9C8E9,1783,,ASST_PL_EQT_INSTRMNT_NT_SCRT_ASSGNMNT,INSTRMNT,Y,NO ACTION,1F52C05C-8081-83B4-E1F6-DAFA19FEBA90,512,87B8F2F3-99B6-4C31-89BC-9DDA04011559,542,EC345D9A-51E2-5DC6-D10B-140804874BCB,1643,3
ASST_PL_LN_ASSGNMNT_ASST_PL_FK,DAAC984B-B2E8-C145-BF34-9BFB502D9CBB,508,70FD50E8-D11B-59C7-9F55-0460DCBA1199,1784,,ASST_PL_LN_ASSGNMNT,ASST_PL,Y,NO ACTION,F9D741F4-7DAB-2579-98F1-264F44154142,513,3BEF4F55-DD4D-E3AD-F434-7162FC998383,510,42855C26-9177-C2C5-8059-0A27C7CEE908,1589,3
ASST_PL_LN_ASSGNMNT_INSTRMNT_FK,DAAC984B-B2E8-C145-BF34-9BFB502D9CBB,508,C120C8EC-5AEA-75D6-7629-8F397D4D3CFB,1785,,ASST_PL_LN_ASSGNMNT,INSTRMNT,Y,NO ACTION,F9D741F4-7DAB-2579-98F1-264F44154142,513,87B8F2F3-99B6-4C31-89BC-9DDA04011559,542,EC345D9A-51E2-5DC6-D10B-140804874BCB,1643,3
CLLTRL_NN_FNNCL_ASST_ASSGNMNT_CLLTRL_FK,DAAC984B-B2E8-C145-BF34-9BFB502D9CBB,508,1F3A367E-A2A1-B899-AE70-D9BA17EFD8C1,1786,,CLLTRL_NN_FNNCL_ASST_ASSGNMNT,CLLTRL,Y,NO ACTION,76C08555-F857-D9A7-8EB2-2E0D4190A731,516,047E650D-CA92-F806-F392-42075133AEFD,515,F2269798-84F0-34E6-01B2-D7FDAC7FFE79,1551,3
CLLTRL_NN_FNNCL_ASST_ASSGNMNT_NN_FNNCL_ASST_FK,DAAC984B-B2E8-C145-BF34-9BFB502D9CBB,508,936A5097-1880-2B23-6FCF-56924C44F668,1787,,CLLTRL_NN_FNNCL_ASST_ASSGNMNT,NN_FNNCL_ASST,Y,NO ACTION,76C08555-F857-D9A7-8EB2-2E0D4190A731,516,911F88D7-3E8F-8DEA-C35E-BF7ABDD0AA6E,564,DF1AC661-446C-8EEE-B715-2B5F6194147E,1655,3
CLLTRL_PRTCTN_ARRNGMNT_FK,DAAC984B-B2E8-C145-BF34-9BFB502D9CBB,508,38C6598D-854B-DB15-A6AC-E6C48478576C,1788,,CLLTRL,PRTCTN_ARRNGMNT,Y,NO ACTION,047E650D-CA92-F806-F392-42075133AEFD,515,92DE0027-230E-601C-FF70-EB25116904DC,570,2A82C020-3D01-31EA-E54B-C21839395F28,1656,3
CLLTRL_SCRTY_EXCHNG_TRDBL_DRVTV_FK,DAAC984B-B2E8-C145-BF34-9BFB502D9CBB,508,C495D742-113A-3F0B-90F3-AE74BB82FB50,1789,,CLLTRL,SCRTY_EXCHNG_TRDBL_DRVTV,Y,NO ACTION,047E650D-CA92-F806-F392-42075133AEFD,515,D6CB5732-4496-49FD-B2BA-8283C03255CA,587,15A3E3E0-7D89-AAFB-D014-4D3318904F3E,1772,3
CRDT_FCLTY_CLLTRL_ASSGNMNT_CLLTRL_FK,DAAC984B-B2E8-C145-BF34-9BFB502D9CBB,508,D8ED677F-8062-7F51-417E-F63268E0B8EF,1790,,CRDT_FCLTY_CLLTRL_ASSGNMNT,CLLTRL,Y,NO ACTION,5C0F89BE-3227-C9B8-2045-00FDC09554AC,518,047E650D-CA92-F806-F392-42075133AEFD,515,F2269798-84F0-34E6-01B2-D7FDAC7FFE79,1551,3
CRDT_FCLTY_CLLTRL_ASSGNMNT_CRDT_FCLTY_FK,DAAC984B-B2E8-C145-BF34-9BFB502D9CBB,508,98FB24F6-9776-80F4-CA66-BC44C4D511AB,1791,,CRDT_FCLTY_CLLTRL_ASSGNMNT,CRDT_FCLTY,Y,NO ACTION,5C0F89BE-3227-C9B8-2045-00FDC09554AC,518,1249664E-1BF6-464E-ACD2-2912EC315F32,517,B7045990-D779-66EB-4060-4E9D47FCA2EB,1556,3
CRDT_FCLTY_CLLTRL_RCVD_INSTRMNT_ASSGNMNT_ABSTRCT_INSTRMNT_RL_FK,DAAC984B-B2E8-C145-BF34-9BFB502D9CBB,508,20D568AA-4072-0AD7-BEEE-0D76B58E73CF,1792,,CRDT_FCLTY_CLLTRL_RCVD_INSTRMNT_ASSGNMNT,ABSTRCT_INSTRMNT_RL,Y,NO ACTION,548A4B0A-9B09-9FDD-5A31-A0C2320697EE,519,59931FDF-8E75-BD96-3057-1060F2324E7D,509,6EC8906B-606A-E5F9-8780-E393494D289F,1604,4
CRDT_FCLTY_CLLTRL_RCVD_INSTRMNT_ASSGNMNT_CRDT_FCLTY_FK,DAAC984B-B2E8-C145-BF34-9BFB502D9CBB,508,341BF224-0FF3-E49A-0937-3EDF54A656CF,1793,,CRDT_FCLTY_CLLTRL_RCVD_INSTRMNT_ASSGNMNT,CRDT_FCLTY,Y,NO ACTION,548A4B0A-9B09-9FDD-5A31-A0C2320697EE,519,1249664E-1BF6-464E-ACD2-2912EC315F32,517,B7045990-D779-66EB-4060-4E9D47FCA2EB,1556,3
CRDT_FCLTY_ENTTY_RL_ASSGNMNT_CRDT_FCLTY_FK,DAAC984B-B2E8-C145-BF34-9BFB502D9CBB,508,5F8BAD49-5366-3849-09BA-9E8761D06922,1794,,CRDT_FCLTY_ENTTY_RL_ASSGNMNT,CRDT_FCLTY,Y,NO ACTION,7C3645D4-5CD2-924F-EFC2-36E76D3E8826,520,1249664E-1BF6-464E-ACD2-2912EC315F32,517,B7045990-D779-66EB-4060-4E9D47FCA2EB,1556,3
CRDT_FCLTY_ENTTY_RL_ASSGNMNT_ENTTY_RL_FK,DAAC984B-B2E8-C145-BF34-9BFB502D9CBB,508,712E1AAD-659F-A3FC-2D5F-129902A196B8,1795,,CRDT_FCLTY_ENTTY_RL_ASSGNMNT,ENTTY_RL,Y,NO ACTION,7C3645D4-5CD2-924F-EFC2-36E76D3E8826,520,4B653CAB-D4D2-AA49-7CCD-219DBC512184,529,F040A82C-EC82-5D40-54DC-C50812E846A2,1594,4
CRDT_FCLTY_FNNCL_CNTRCT_FK,DAAC984B-B2E8-C145-BF34-9BFB502D9CBB,508,8F8FBFA5-5E72-400B-ED22-21A2CEC4D4AF,1796,,CRDT_FCLTY,FNNCL_CNTRCT,Y,NO ACTION,1249664E-1BF6-464E-ACD2-2912EC315F32,517,6E03253B-560E-046D-2145-307DA72C247A,537,7CF07C6E-1788-31D1-F578-D0ECC85D871A,1615,3
CRDT_RSK_MTGTN_ASSGNMNT_CLLTRL_FK,DAAC984B-B2E8-C145-BF34-9BFB502D9CBB,508,5CE15832-DD5D-A15E-0A69-4B679D7ECEA9,1797,,CRDT_RSK_MTGTN_ASSGNMNT,CLLTRL,Y,NO ACTION,7FAAC392-07B0-BC16-83CC-D134E502AB48,521,047E650D-CA92-F806-F392-42075133AEFD,515,F2269798-84F0-34E6-01B2-D7FDAC7FFE79,1551,3
CRDT_RSK_MTGTN_ASSGNMNT_PRTCTN_ARRNGMNT_FK,DAAC984B-B2E8-C145-BF34-9BFB502D9CBB,508,12815339-567B-3587-BCC6-C5C047A443C4,1798,,CRDT_RSK_MTGTN_ASSGNMNT,PRTCTN_ARRNGMNT,Y,NO ACTION,7FAAC392-07B0-BC16-83CC-D134E502AB48,521,92DE0027-230E-601C-FF70-EB25116904DC,570,2A82C020-3D01-31EA-E54B-C21839395F28,1656,3
CRDT_TRNSFR_OTHR_SCRTSTN_CVRD_BND_PRGRM_ASST_PL_FK,DAAC984B-B2E8-C145-BF34-9BFB502D9CBB,508,D0E12C4B-6211-E017-40EB-FA577B0A71BF,1799,,CRDT_TRNSFR_OTHR_SCRTSTN_CVRD_BND_PRGRM,ASST_PL,Y,NO ACTION,FACE0FBC-0946-D0E9-903B-46EE7C066C76,522,3BEF4F55-DD4D-E3AD-F434-7162FC998383,510,42855C26-9177-C2C5-8059-0A27C7CEE908,1589,3
CVRD_BND_ISSNC_CVRD_BND_PRGRM_FK,DAAC984B-B2E8-C145-BF34-9BFB502D9CBB,508,54CB0E19-0909-731F-417D-184E09D0C569,1800,,CVRD_BND_ISSNC,CVRD_BND_PRGRM,Y,NO ACTION,A98E0419-9AAC-57D9-7980-868E4DB6357D,524,86E724FE-5468-A14C-F821-0799000887AB,525,A0824F6C-B6EF-6589-76ED-F0529A11F555,1641,3
CVRD_BND_ISSNC_SCRTY_EXCHNG_TRDBL_DRVTV_FK,DAAC984B-B2E8-C145-BF34-9BFB502D9CBB,508,F2D57BFD-CDB4-57C7-3F6E-40077F332B0B,1801,,CVRD_BND_ISSNC,SCRTY_EXCHNG_TRDBL_DRVTV,Y,NO ACTION,A98E0419-9AAC-57D9-7980-868E4DB6357D,524,D6CB5732-4496-49FD-B2BA-8283C03255CA,587,15A3E3E0-7D89-AAFB-D014-4D3318904F3E,1772,3
CVRD_BND_PRGRM_ASST_PL_FK,DAAC984B-B2E8-C145-BF34-9BFB502D9CBB,508,C5203AB1-3E05-FF11-CDB8-E949238826B5,1802,,CVRD_BND_PRGRM,ASST_PL,Y,NO ACTION,86E724FE-5468-A14C-F821-0799000887AB,525,3BEF4F55-DD4D-E3AD-F434-7162FC998383,510,42855C26-9177-C2C5-8059-0A27C7CEE908,1589,3
DBT_SCRTY_ISSD_SCRTY_EXCHNG_TRDBL_DRVTV_FK,DAAC984B-B2E8-C145-BF34-9BFB502D9CBB,508,EA0C51F9-90ED-3E78-A679-66F1D4159DDB,1803,,DBT_SCRTY_ISSD,SCRTY_EXCHNG_TRDBL_DRVTV,Y,NO ACTION,B1E5690A-06AC-64EA-90DF-15CE246EAF07,526,D6CB5732-4496-49FD-B2BA-8283C03255CA,587,15A3E3E0-7D89-AAFB-D014-4D3318904F3E,1772,3
DBT_SCRTY_ISSD_TRDTNL_SCRTSTN_ASSGNMNT_DBT_SCRTY_ISSD_FK,DAAC984B-B2E8-C145-BF34-9BFB502D9CBB,508,B3C10AEB-8140-8F3F-7974-53A6B3FA3C09,1804,,DBT_SCRTY_ISSD_TRDTNL_SCRTSTN_ASSGNMNT,DBT_SCRTY_ISSD,Y,NO ACTION,EB5466F9-3269-B168-7BC7-F39A39CDBB5D,527,B1E5690A-06AC-64EA-90DF-15CE246EAF07,526,D95AA5F3-C880-AE76-236E-E0CA1412AA6F,1666,4
DBT_SCRTY_ISSD_TRDTNL_SCRTSTN_ASSGNMNT_TRDTNL_SCRTSTN_FK,DAAC984B-B2E8-C145-BF34-9BFB502D9CBB,508,AC8768E8-0961-18D5-0A7B-94310D41B4FC,1805,,DBT_SCRTY_ISSD_TRDTNL_SCRTSTN_ASSGNMNT,TRDTNL_SCRTSTN,Y,NO ACTION,EB5466F9-3269-B168-7BC7-F39A39CDBB5D,527,9C441344-A6AD-CB94-E4F8-CAC0A96E639E,596,9F557113-0AF1-02EB-E5D1-4ED11D2F26AC,1748,3
DBT_SCRTY_PRTCTN_ARRNGMNT_ASSGNMNT_PRTCTN_ARRNGMNT_FK,DAAC984B-B2E8-C145-BF34-9BFB502D9CBB,508,18DFDDEB-8BA6-13F1-3243-8B46EFCC51CE,1806,,DBT_SCRTY_PRTCTN_ARRNGMNT_ASSGNMNT,PRTCTN_ARRNGMNT,Y,NO ACTION,15F2641D-6CFB-1128-6181-616FB65ACE4D,528,92DE0027-230E-601C-FF70-EB25116904DC,570,2A82C020-3D01-31EA-E54B-C21839395F28,1656,3
DBT_SCRTY_PRTCTN_ARRNGMNT_ASSGNMNT_SCRTY_PSTN_FK,DAAC984B-B2E8-C145-BF34-9BFB502D9CBB,508,8C450FD4-8785-7184-AB9A-197C911F8063,1807,,DBT_SCRTY_PRTCTN_ARRNGMNT_ASSGNMNT,SCRTY_PSTN,Y,NO ACTION,15F2641D-6CFB-1128-6181-616FB65ACE4D,528,C90D678E-EB19-129D-06C6-1289B6CB3DA4,589,740D3734-0D2F-BCB2-5754-FA24997CB41B,1768,5
ENTTY_RL_PRTY_FKv4,DAAC984B-B2E8-C145-BF34-9BFB502D9CBB,508,16864C6F-EC9E-246B-3FC9-3DDB2CE07328,1808,,ENTTY_RL,PRTY,Y,NO ACTION,4B653CAB-D4D2-AA49-7CCD-219DBC512184,529,E5401A5A-9FF6-40E0-EBE3-FDA5AAE23FCF,573,4278B78B-4148-ADD7-E57C-70C20CA6BB5A,1690,3
EQT_INSTRMNT_LG_EQT_INSTRMNT_NT_SCRT_ASSGNMNT_INSTRMNT_FK,DAAC984B-B2E8-C145-BF34-9BFB502D9CBB,508,94743CED-9CB5-074F-A830-7D9B7373BCB2,1809,,EQT_INSTRMNT_LG_EQT_INSTRMNT_NT_SCRT_ASSGNMNT,INSTRMNT,Y,NO ACTION,74A4581C-AF69-A8C8-D883-2B8EEEAA08BC,530,87B8F2F3-99B6-4C31-89BC-9DDA04011559,542,EC345D9A-51E2-5DC6-D10B-140804874BCB,1643,3
EQT_INSTRMNT_LG_EQT_INSTRMNT_NT_SCRT_ASSGNMNT_RPRCHS_AGRMNT_CMPNNT_FK,DAAC984B-B2E8-C145-BF34-9BFB502D9CBB,508,8DD0866A-1697-D912-C38F-68D0C50BAFFA,1810,,EQT_INSTRMNT_LG_EQT_INSTRMNT_NT_SCRT_ASSGNMNT,RPRCHS_AGRMNT_CMPNNT,Y,NO ACTION,74A4581C-AF69-A8C8-D883-2B8EEEAA08BC,530,1EAF4C6F-2374-8304-D71C-91E071678795,576,0189CD01-5F2C-8470-160A-7AF087EFA03A,1564,4
ETD_LBLTY_PSTN_SNTHTC_SCRTSTN_ASSGNMNT_EXCHNG_TRDBL_DRVTV_POSTN_RL_FK,DAAC984B-B2E8-C145-BF34-9BFB502D9CBB,508,97BBEAF7-0760-4F94-0124-88B39A0264A8,1811,,ETD_LBLTY_PSTN_SNTHTC_SCRTSTN_ASSGNMNT,EXCHNG_TRDBL_DRVTV_POSTN_RL,Y,NO ACTION,FAFE221F-C664-8460-21B0-D83D117029AB,531,A0A7A9C6-3E78-9547-3005-5FCBBA0B9673,532,F042C938-0D7E-8B0F-B659-BEC42BC68BB2,1660,8
ETD_LBLTY_PSTN_SNTHTC_SCRTSTN_ASSGNMNT_SNTHTC_SCRTSTN_FK,DAAC984B-B2E8-C145-BF34-9BFB502D9CBB,508,0FABAD31-26FB-463A-191C-10369F0319C2,1812,,ETD_LBLTY_PSTN_SNTHTC_SCRTSTN_ASSGNMNT,SNTHTC_SCRTSTN,Y,NO ACTION,FAFE221F-C664-8460-21B0-D83D117029AB,531,23E74B88-0E40-C754-77D0-56E2179103C3,594,C54FDA65-9E09-BA69-F3C9-115651E4E2B7,1729,3
EXCHNG_TRDBL_DRVTV_POSTN_RL_EXCHNG_TRDBL_DRVTV_PSTN_FK,DAAC984B-B2E8-C145-BF34-9BFB502D9CBB,508,52BB13C9-DC5A-A603-C17C-D71C71148CB9,1813,,EXCHNG_TRDBL_DRVTV_POSTN_RL,EXCHNG_TRDBL_DRVTV_PSTN,Y,NO ACTION,A0A7A9C6-3E78-9547-3005-5FCBBA0B9673,532,7BBE4131-13CE-4E59-3F54-E9A5A3F6650F,533,71E2A73C-2996-A5B4-22CD-700BB059D253,1626,7
EXCHNG_TRDBL_DRVTV_PSTN_ENTTY_RL_FK,DAAC984B-B2E8-C145-BF34-9BFB502D9CBB,508,03B5070F-CE18-D3AD-2862-635400DDDA52,1814,,EXCHNG_TRDBL_DRVTV_PSTN,ENTTY_RL,Y,NO ACTION,7BBE4131-13CE-4E59-3F54-E9A5A3F6650F,533,4B653CAB-D4D2-AA49-7CCD-219DBC512184,529,F040A82C-EC82-5D40-54DC-C50812E846A2,1594,4
EXCHNG_TRDBL_DRVTV_PSTN_ENTTY_RL_FKv2,DAAC984B-B2E8-C145-BF34-9BFB502D9CBB,508,A0AEF4B7-5FC1-6898-306F-240CBF30E35F,1815,,EXCHNG_TRDBL_DRVTV_PSTN,ENTTY_RL,Y,NO ACTION,7BBE4131-13CE-4E59-3F54-E9A5A3F6650F,533,4B653CAB-D4D2-AA49-7CCD-219DBC512184,529,F040A82C-EC82-5D40-54DC-C50812E846A2,1594,4
EXCHNG_TRDBL_DRVTV_PSTN_SCRTY_EXCHNG_TRDBL_DRVTV_FK,DAAC984B-B2E8-C145-BF34-9BFB502D9CBB,508,8861EB5B-6039-E9CA-C168-F545A3F9B82C,1816,,EXCHNG_TRDBL_DRVTV_PSTN,SCRTY_EXCHNG_TRDBL_DRVTV,Y,NO ACTION,7BBE4131-13CE-4E59-3F54-E9A5A3F6650F,533,D6CB5732-4496-49FD-B2BA-8283C03255CA,587,15A3E3E0-7D89-AAFB-D014-4D3318904F3E,1772,3
FNDMNTL_RVW_TRDNG_BK_STNDRD_APPRCH_RSK_MSR_ETD_PSTNS_EXCHNG_TRDBL_DRVTV_PSTN_FK,DAAC984B-B2E8-C145-BF34-9BFB502D9CBB,508,966D3EEE-7514-29F5-33E0-BAF233C077B7,1817,,FNDMNTL_RVW_TRDNG_BK_STNDRD_APPRCH_RSK_MSR_ETD_PSTNS,EXCHNG_TRDBL_DRVTV_PSTN,Y,NO ACTION,E46D9A34-2B79-D664-13DB-219286E4951B,534,7BBE4131-13CE-4E59-3F54-E9A5A3F6650F,533,71E2A73C-2996-A5B4-22CD-700BB059D253,1626,7
FNDMNTL_RVW_TRDNG_BK_STNDRD_APPRCH_RSK_MSR_ETD_PSTNS_RSK_FAC_SA_FK,DAAC984B-B2E8-C145-BF34-9BFB502D9CBB,508,502FCC87-1527-1B0C-328D-351F2736C0F1,1818,,FNDMNTL_RVW_TRDNG_BK_STNDRD_APPRCH_RSK_MSR_ETD_PSTNS,RSK_FAC_SA,Y,NO ACTION,E46D9A34-2B79-D664-13DB-219286E4951B,534,CE4EB787-3E2C-8137-59B0-462D43187FB2,577,87CAAB8B-FCAA-5C19-452D-3D1494062EAC,1678,3
FNDMNTL_RVW_TRDNG_BK_STNDRD_APPRCH_RSK_MSR_FR_SCRTY_PSTNS_RSK_FAC_SA_FK,DAAC984B-B2E8-C145-BF34-9BFB502D9CBB,508,39A32538-9F3D-3DC8-EC5C-FDC679F76080,1819,,FNDMNTL_RVW_TRDNG_BK_STNDRD_APPRCH_RSK_MSR_FR_SCRTY_PSTNS,RSK_FAC_SA,Y,NO ACTION,B7D8ACA5-B724-5F84-9356-73D49F6BD7E0,535,CE4EB787-3E2C-8137-59B0-462D43187FB2,577,87CAAB8B-FCAA-5C19-452D-3D1494062EAC,1678,3
FNDMNTL_RVW_TRDNG_BK_STNDRD_APPRCH_RSK_MSR_FR_SCRTY_PSTNS_SCRTY_PSTN_FK,DAAC984B-B2E8-C145-BF34-9BFB502D9CBB,508,56A1A2FA-D7BB-8697-CC77-67EBDE936B4C,1820,,FNDMNTL_RVW_TRDNG_BK_STNDRD_APPRCH_RSK_MSR_FR_SCRTY_PSTNS,SCRTY_PSTN,Y,NO ACTION,B7D8ACA5-B724-5F84-9356-73D49F6BD7E0,535,C90D678E-EB19-129D-06C6-1289B6CB3DA4,589,740D3734-0D2F-BCB2-5754-FA24997CB41B,1768,5
FNDMNTL_RVW_TRDNG_BK_STNDRD_APPRCH_RSK_MSR_OTC_PSTNS_INSTRMNT_FK,DAAC984B-B2E8-C145-BF34-9BFB502D9CBB,508,F2CA6BE3-43AB-7F21-65A2-EA15B0445A84,1821,,FNDMNTL_RVW_TRDNG_BK_STNDRD_APPRCH_RSK_MSR_OTC_PSTNS,INSTRMNT,Y,NO ACTION,2330C347-945F-0759-0B6E-83BD3F5C8D81,536,87B8F2F3-99B6-4C31-89BC-9DDA04011559,542,EC345D9A-51E2-5DC6-D10B-140804874BCB,1643,3
FNDMNTL_RVW_TRDNG_BK_STNDRD_APPRCH_RSK_MSR_OTC_PSTNS_RSK_FAC_SA_FK,DAAC984B-B2E8-C145-BF34-9BFB502D9CBB,508,376739FE-2EBF-003C-0258-36E28F0B41B9,1822,,FNDMNTL_RVW_TRDNG_BK_STNDRD_APPRCH_RSK_MSR_OTC_PSTNS,RSK_FAC_SA,Y,NO ACTION,2330C347-945F-0759-0B6E-83BD3F5C8D81,536,CE4EB787-3E2C-8137-59B0-462D43187FB2,577,87CAAB8B-FCAA-5C19-452D-3D1494062EAC,1678,3
FNNCL_CNTRCT_SYNDCTD_CNTRCT_FK,DAAC984B-B2E8-C145-BF34-9BFB502D9CBB,508,57004F87-ADDA-52DA-F231-91A314170D6E,1823,,FNNCL_CNTRCT,SYNDCTD_CNTRCT,Y,NO ACTION,6E03253B-560E-046D-2145-307DA72C247A,537,CE424EA8-2753-D634-A76A-60C40F4FD1AF,595,DD8A8085-5EB8-345D-447C-E193B5CA0149,1771,1
FNNCL_GRNT_INSTRMNT_DBT_SCRT_DBT_SCRTY_ASSGNMNT_INSTRMNT_FK,DAAC984B-B2E8-C145-BF34-9BFB502D9CBB,508,10F6C8DF-284A-42D3-7710-C7BA12BC8A59,1824,,FNNCL_GRNT_INSTRMNT_DBT_SCRT_DBT_SCRTY_ASSGNMNT,INSTRMNT,Y,NO ACTION,DA9760EF-BB4D-B5EE-CB11-B478A9D3A211,538,87B8F2F3-99B6-4C31-89BC-9DDA04011559,542,EC345D9A-51E2-5DC6-D10B-140804874BCB,1643,3
FNNCL_GRNT_INSTRMNT_DBT_SCRT_DBT_SCRTY_ASSGNMNT_SCRTY_EXCHNG_TRDBL_DRVTV_FK,DAAC984B-B2E8-C145-BF34-9BFB502D9CBB,508,8B48895E-1AE7-BCEE-6976-3C03AA9FB6C1,1825,,FNNCL_GRNT_INSTRMNT_DBT_SCRT_DBT_SCRTY_ASSGNMNT,SCRTY_EXCHNG_TRDBL_DRVTV,Y,NO ACTION,DA9760EF-BB4D-B5EE-CB11-B478A9D3A211,538,D6CB5732-4496-49FD-B2BA-8283C03255CA,587,15A3E3E0-7D89-AAFB-D014-4D3318904F3E,1772,3
GRP_CLNTS_KY_MNGMNT_PRSNLL_ASSGNMNT_ENTTY_RL_FK,DAAC984B-B2E8-C145-BF34-9BFB502D9CBB,508,666C3450-D8C0-12D2-8343-AE28C2B8EB4F,1826,,GRP_CLNTS_KY_MNGMNT_PRSNLL_ASSGNMNT,ENTTY_RL,Y,NO ACTION,CBFB9398-DBD3-D608-1E57-8F74351E3118,540,4B653CAB-D4D2-AA49-7CCD-219DBC512184,529,F040A82C-EC82-5D40-54DC-C50812E846A2,1594,4
GRP_CLNTS_KY_MNGMNT_PRSNLL_ASSGNMNT_GRP_FK,DAAC984B-B2E8-C145-BF34-9BFB502D9CBB,508,8D994F9A-9EAE-7C6C-6A98-2CFF9373981B,1827,,GRP_CLNTS_KY_MNGMNT_PRSNLL_ASSGNMNT,GRP,Y,NO ACTION,CBFB9398-DBD3-D608-1E57-8F74351E3118,540,8119561B-DC57-A598-E7CA-66559DCC136A,539,70403B7D-A6C0-755D-D856-219630168043,1636,3
IMMDT_PRNT_ENTRPRS_ASSGNMNT_ENTTY_RL_FK,DAAC984B-B2E8-C145-BF34-9BFB502D9CBB,508,8D6FD566-CBC6-EA1A-7DFC-ED8E159BB9C6,1828,,IMMDT_PRNT_ENTRPRS_ASSGNMNT,ENTTY_RL,Y,NO ACTION,8F9FF036-0D84-166A-491F-B4ED84D9F6A1,541,4B653CAB-D4D2-AA49-7CCD-219DBC512184,529,F040A82C-EC82-5D40-54DC-C50812E846A2,1594,4
IMMDT_PRNT_ENTRPRS_ASSGNMNT_PRTY_FK,DAAC984B-B2E8-C145-BF34-9BFB502D9CBB,508,A8B0F4E9-247A-33BD-3571-F5576E7D63B7,1829,,IMMDT_PRNT_ENTRPRS_ASSGNMNT,PRTY,Y,NO ACTION,8F9FF036-0D84-166A-491F-B4ED84D9F6A1,541,E5401A5A-9FF6-40E0-EBE3-FDA5AAE23FCF,573,4278B78B-4148-ADD7-E57C-70C20CA6BB5A,1690,3
INSTRMNT_BLNC_SHT_NTTNG_FK,DAAC984B-B2E8-C145-BF34-9BFB502D9CBB,508,2EB1EF8D-6557-E166-DD8A-78BC028E6066,1830,,INSTRMNT,BLNC_SHT_NTTNG,Y,NO ACTION,87B8F2F3-99B6-4C31-89BC-9DDA04011559,542,A6B10ABC-F7E2-ACE5-550C-4A31FEEC1C41,514,047AB9A7-E3ED-AFF9-08F0-8BFE043EB1A3,1662,3
INSTRMNT_CLLTRL_RCVD_INSTRMNT_ASSGNMNT_ABSTRCT_INSTRMNT_RL_FK,DAAC984B-B2E8-C145-BF34-9BFB502D9CBB,508,9AD3825F-11D9-454A-D6FE-762467153004,1831,,INSTRMNT_CLLTRL_RCVD_INSTRMNT_ASSGNMNT,ABSTRCT_INSTRMNT_RL,Y,NO ACTION,2B7134E9-8D81-062B-F261-200AF17BFD53,543,59931FDF-8E75-BD96-3057-1060F2324E7D,509,6EC8906B-606A-E5F9-8780-E393494D289F,1604,4
INSTRMNT_CLLTRL_RCVD_INSTRMNT_ASSGNMNT_INSTRMNT_FK,DAAC984B-B2E8-C145-BF34-9BFB502D9CBB,508,DC33759D-0B29-8519-E90A-ADAAB969589B,1832,,INSTRMNT_CLLTRL_RCVD_INSTRMNT_ASSGNMNT,INSTRMNT,Y,NO ACTION,2B7134E9-8D81-062B-F261-200AF17BFD53,543,87B8F2F3-99B6-4C31-89BC-9DDA04011559,542,EC345D9A-51E2-5DC6-D10B-140804874BCB,1643,3
INSTRMNT_CRDT_FCLTY_FK,DAAC984B-B2E8-C145-BF34-9BFB502D9CBB,508,3B8BF0C9-5905-94A8-EB21-2A174E1EC0E3,1833,,INSTRMNT,CRDT_FCLTY,Y,NO ACTION,87B8F2F3-99B6-4C31-89BC-9DDA04011559,542,1249664E-1BF6-464E-ACD2-2912EC315F32,517,B7045990-D779-66EB-4060-4E9D47FCA2EB,1556,3
INSTRMNT_ENTTY_RL_ASSGNMNT_ENTTY_RL_FK,DAAC984B-B2E8-C145-BF34-9BFB502D9CBB,508,FCDE2C2E-95BA-67D5-65F6-69A6D9443A69,1834,,INSTRMNT_ENTTY_RL_ASSGNMNT,ENTTY_RL,Y,NO ACTION,20330E6F-0744-BF7D-201C-E484EA75CEAC,544,4B653CAB-D4D2-AA49-7CCD-219DBC512184,529,F040A82C-EC82-5D40-54DC-C50812E846A2,1594,4
INSTRMNT_ENTTY_RL_ASSGNMNT_INSTRMNT_FKv8,DAAC984B-B2E8-C145-BF34-9BFB502D9CBB,508,3B3F5E04-1A53-E164-B1E8-1BAE7FA3E3D3,1835,,INSTRMNT_ENTTY_RL_ASSGNMNT,INSTRMNT,Y,NO ACTION,20330E6F-0744-BF7D-201C-E484EA75CEAC,544,87B8F2F3-99B6-4C31-89BC-9DDA04011559,542,EC345D9A-51E2-5DC6-D10B-140804874BCB,1643,3
INSTRMNT_FNNCL_CNTRCT_FK,DAAC984B-B2E8-C145-BF34-9BFB502D9CBB,508,51B98A66-7568-184F-6D31-90C0BA89CC84,1836,,INSTRMNT,FNNCL_CNTRCT,Y,NO ACTION,87B8F2F3-99B6-4C31-89BC-9DDA04011559,542,6E03253B-560E-046D-2145-307DA72C247A,537,7CF07C6E-1788-31D1-F578-D0ECC85D871A,1615,3
INSTRMNT_HDGD_EXCHNG_TRDBL_DRVTV_EXCHNG_TRDBL_DRVTV_POSTN_RL_FK,DAAC984B-B2E8-C145-BF34-9BFB502D9CBB,508,05A2EC43-2F69-A071-87E7-88642B687B7D,1837,,INSTRMNT_HDGD_EXCHNG_TRDBL_DRVTV,EXCHNG_TRDBL_DRVTV_POSTN_RL,Y,NO ACTION,563B0DE8-D855-C0A8-EE87-315713424AB1,545,A0A7A9C6-3E78-9547-3005-5FCBBA0B9673,532,F042C938-0D7E-8B0F-B659-BEC42BC68BB2,1660,8
INSTRMNT_HDGD_EXCHNG_TRDBL_DRVTV_INSTRMNT_FK,DAAC984B-B2E8-C145-BF34-9BFB502D9CBB,508,B1AFBB8F-6505-BDF0-814F-24960546EE93,1838,,INSTRMNT_HDGD_EXCHNG_TRDBL_DRVTV,INSTRMNT,Y,NO ACTION,563B0DE8-D855-C0A8-EE87-315713424AB1,545,87B8F2F3-99B6-4C31-89BC-9DDA04011559,542,EC345D9A-51E2-5DC6-D10B-140804874BCB,1643,3
INSTRMNT_HDGD_OTC_DRVTV_ABSTRCT_INSTRMNT_RL_FK,DAAC984B-B2E8-C145-BF34-9BFB502D9CBB,508,283AF40E-4575-0096-E84D-41DFCE746F4C,1839,,INSTRMNT_HDGD_OTC_DRVTV,ABSTRCT_INSTRMNT_RL,Y,NO ACTION,40C5F5DD-9446-319D-50ED-E050432DDA31,546,59931FDF-8E75-BD96-3057-1060F2324E7D,509,6EC8906B-606A-E5F9-8780-E393494D289F,1604,4
INSTRMNT_HDGD_OTC_DRVTV_INSTRMNT_FK,DAAC984B-B2E8-C145-BF34-9BFB502D9CBB,508,30909E65-F292-5B2C-5DDC-D5B77B91F78B,1840,,INSTRMNT_HDGD_OTC_DRVTV,INSTRMNT,Y,NO ACTION,40C5F5DD-9446-319D-50ED-E050432DDA31,546,87B8F2F3-99B6-4C31-89BC-9DDA04011559,542,EC345D9A-51E2-5DC6-D10B-140804874BCB,1643,3
INSTRMNT_PRTCN_ARRNGMNT_ASSGNMNT_INSTRMNT_FK,DAAC984B-B2E8-C145-BF34-9BFB502D9CBB,508,05667A8D-8D38-C3D1-D83D-368FD7B95E54,1841,,INSTRMNT_PRTCN_ARRNGMNT_ASSGNMNT,INSTRMNT,Y,NO ACTION,8BB7E103-746A-8633-A090-1A7C865B505C,547,87B8F2F3-99B6-4C31-89BC-9DDA04011559,542,EC345D9A-51E2-5DC6-D10B-140804874BCB,1643,3
INSTRMNT_PRTCN_ARRNGMNT_ASSGNMNT_PRTCTN_ARRNGMNT_FK,DAAC984B-B2E8-C145-BF34-9BFB502D9CBB,508,73259F21-0EA9-9D9D-835C-5704DB8277F2,1842,,INSTRMNT_PRTCN_ARRNGMNT_ASSGNMNT,PRTCTN_ARRNGMNT,Y,NO ACTION,8BB7E103-746A-8633-A090-1A7C865B505C,547,92DE0027-230E-601C-FF70-EB25116904DC,570,2A82C020-3D01-31EA-E54B-C21839395F28,1656,3
INTRNL_GRP_KY_MNGMNT_PRSNLL_ASSGNMNT_ENTTY_RL_FK,DAAC984B-B2E8-C145-BF34-9BFB502D9CBB,508,AA7283ED-AD8A-D395-7491-473E6DA4AFE9,1843,,INTRNL_GRP_KY_MNGMNT_PRSNLL_ASSGNMNT,ENTTY_RL,Y,NO ACTION,76D28A3F-DFF9-3610-621B-C78C84E02C5B,548,4B653CAB-D4D2-AA49-7CCD-219DBC512184,529,F040A82C-EC82-5D40-54DC-C50812E846A2,1594,4
INTRNL_GRP_KY_MNGMNT_PRSNLL_ASSGNMNT_GRP_FK,DAAC984B-B2E8-C145-BF34-9BFB502D9CBB,508,7C7D5896-0194-4F87-3096-C9B572C87DA1,1844,,INTRNL_GRP_KY_MNGMNT_PRSNLL_ASSGNMNT,GRP,Y,NO ACTION,76D28A3F-DFF9-3610-621B-C78C84E02C5B,548,8119561B-DC57-A598-E7CA-66559DCC136A,539,70403B7D-A6C0-755D-D856-219630168043,1636,3
INTRNL_GRP_RL_GRP_FK,DAAC984B-B2E8-C145-BF34-9BFB502D9CBB,508,BE92EB65-6D9E-7FBE-4E71-CFB32E45E213,1845,,INTRNL_GRP_RL,GRP,Y,NO ACTION,F381AC6F-36A2-74B9-A9DF-B8EB746CB04A,549,8119561B-DC57-A598-E7CA-66559DCC136A,539,70403B7D-A6C0-755D-D856-219630168043,1636,3
LN_AND_ADVNC_LG_LN_AND_ADVNC_ASSGNMNT_INSTRMNT_FK,DAAC984B-B2E8-C145-BF34-9BFB502D9CBB,508,BEFB97EC-F7B4-9659-A30A-3BCFBF51B3CC,1846,,LN_AND_ADVNC_LG_LN_AND_ADVNC_ASSGNMNT,INSTRMNT,Y,NO ACTION,DD75177A-4C79-F2BD-73C3-EFA2CCE322A2,552,87B8F2F3-99B6-4C31-89BC-9DDA04011559,542,EC345D9A-51E2-5DC6-D10B-140804874BCB,1643,3
LN_AND_ADVNC_LG_LN_AND_ADVNC_ASSGNMNT_RPRCHS_AGRMNT_CMPNNT_FK,DAAC984B-B2E8-C145-BF34-9BFB502D9CBB,508,AE92DBA0-3B44-54A6-C60A-EA781A1A44C0,1847,,LN_AND_ADVNC_LG_LN_AND_ADVNC_ASSGNMNT,RPRCHS_AGRMNT_CMPNNT,Y,NO ACTION,DD75177A-4C79-F2BD-73C3-EFA2CCE322A2,552,1EAF4C6F-2374-8304-D71C-91E071678795,576,0189CD01-5F2C-8470-160A-7AF087EFA03A,1564,4
LN_EXCLDNG_RPRCHS_AGRMNT_CLLTRL_ASSGNMNT_CLLTRL_FK,DAAC984B-B2E8-C145-BF34-9BFB502D9CBB,508,7BEB9DE9-5163-A6D8-1119-80FE0880BFA7,1848,,LN_EXCLDNG_RPRCHS_AGRMNT_CLLTRL_ASSGNMNT,CLLTRL,Y,NO ACTION,FC005F65-6FF1-680C-8AB1-7B3D9E8836D7,553,047E650D-CA92-F806-F392-42075133AEFD,515,F2269798-84F0-34E6-01B2-D7FDAC7FFE79,1551,3
LN_EXCLDNG_RPRCHS_AGRMNT_CLLTRL_ASSGNMNT_INSTRMNT_FK,DAAC984B-B2E8-C145-BF34-9BFB502D9CBB,508,644DE21B-CFAE-A967-C0EF-CE655B8B57DE,1849,,LN_EXCLDNG_RPRCHS_AGRMNT_CLLTRL_ASSGNMNT,INSTRMNT,Y,NO ACTION,FC005F65-6FF1-680C-8AB1-7B3D9E8836D7,553,87B8F2F3-99B6-4C31-89BC-9DDA04011559,542,EC345D9A-51E2-5DC6-D10B-140804874BCB,1643,3
LNG_DBT_SCRTY_PSTN_PRDNTL_PRTFL_ASSGNMNT_ENCMBRNC_DT_LNG_SCRTY_PSTN_PRDNTL_PRTFL_ASSGNMNT_FK,DAAC984B-B2E8-C145-BF34-9BFB502D9CBB,508,3DE63FB4-5D09-8DBB-82CC-472442B07EEB,1850,,LNG_DBT_SCRTY_PSTN_PRDNTL_PRTFL_ASSGNMNT_ENCMBRNC_DT,LNG_SCRTY_PSTN_PRDNTL_PRTFL_ASSGNMNT,Y,NO ACTION,8F0240C3-1EF8-D1BD-F1C3-1C5844FFC61F,554,091C9649-9DAD-A360-8F8D-5A8A2FEB2085,557,74AB5F0C-E02B-D7DC-AA1D-15547B4AEBBC,1554,6
LNG_EQTY_FND_SCRTY_PSTN_PRDNTL_PRTFL_ASSGNMNT_ENCMBRNC_DT_LNG_SCRTY_PSTN_PRDNTL_PRTFL_ASSGNMNT_FK,DAAC984B-B2E8-C145-BF34-9BFB502D9CBB,508,545775FB-8A97-C19F-DF4C-8504BDCAEAE9,1851,,LNG_EQTY_FND_SCRTY_PSTN_PRDNTL_PRTFL_ASSGNMNT_ENCMBRNC_DT,LNG_SCRTY_PSTN_PRDNTL_PRTFL_ASSGNMNT,Y,NO ACTION,2B905007-2409-A717-6991-C1D8F3AC9481,555,091C9649-9DAD-A360-8F8D-5A8A2FEB2085,557,74AB5F0C-E02B-D7DC-AA1D-15547B4AEBBC,1554,6
LNG_NN_NGTBL_SCRTY_PSTN_CLLTRL_ASSGNMNT_CLLTRL_FK,DAAC984B-B2E8-C145-BF34-9BFB502D9CBB,508,C285C3AC-D0F1-B623-2114-653458061430,1852,,LNG_NN_NGTBL_SCRTY_PSTN_CLLTRL_ASSGNMNT,CLLTRL,Y,NO ACTION,F69AD51E-E0B2-3033-CF2D-ED99970C1B17,556,047E650D-CA92-F806-F392-42075133AEFD,515,F2269798-84F0-34E6-01B2-D7FDAC7FFE79,1551,3
LNG_NN_NGTBL_SCRTY_PSTN_CLLTRL_ASSGNMNT_SCRTY_PSTN_FK,DAAC984B-B2E8-C145-BF34-9BFB502D9CBB,508,6C280B18-1CF4-AC31-F021-82D5AEF6ADC8,1853,,LNG_NN_NGTBL_SCRTY_PSTN_CLLTRL_ASSGNMNT,SCRTY_PSTN,Y,NO ACTION,F69AD51E-E0B2-3033-CF2D-ED99970C1B17,556,C90D678E-EB19-129D-06C6-1289B6CB3DA4,589,740D3734-0D2F-BCB2-5754-FA24997CB41B,1768,5
LNG_SCRTY_PSTN_PRDNTL_PRTFL_ASSGNMNT_ACCNTNG_CLSSFCTN_FNNCL_ASSTS_ASSGNMNT_LNG_SCRTY_PSTN_PRDNTL_PRTFL_ASSGNMNT_FK,DAAC984B-B2E8-C145-BF34-9BFB502D9CBB,508,DC667B3B-5599-E742-62B6-8F9BEF669622,1854,,LNG_SCRTY_PSTN_PRDNTL_PRTFL_ASSGNMNT_ACCNTNG_CLSSFCTN_FNNCL_ASSTS_ASSGNMNT,LNG_SCRTY_PSTN_PRDNTL_PRTFL_ASSGNMNT,Y,NO ACTION,9F421C51-81D2-1CA4-C087-DD73054CACA2,558,091C9649-9DAD-A360-8F8D-5A8A2FEB2085,557,74AB5F0C-E02B-D7DC-AA1D-15547B4AEBBC,1554,6
LNG_SCRTY_PSTN_PRDNTL_PRTFL_ASSGNMNT_RSK_DT_LNG_SCRTY_PSTN_PRDNTL_PRTFL_ASSGNMNT_FK,DAAC984B-B2E8-C145-BF34-9BFB502D9CBB,508,9A808802-7DE9-96D4-F8C1-20F738C2BFD3,1855,,LNG_SCRTY_PSTN_PRDNTL_PRTFL_ASSGNMNT_RSK_DT,LNG_SCRTY_PSTN_PRDNTL_PRTFL_ASSGNMNT,Y,NO ACTION,52F1D228-FFF6-884D-17F5-72A3192E8974,559,091C9649-9DAD-A360-8F8D-5A8A2FEB2085,557,74AB5F0C-E02B-D7DC-AA1D-15547B4AEBBC,1554,6
LNG_SCRTY_PSTN_PRDNTL_PRTFL_ASSGNMNT_SCRTY_PSTN_FK,DAAC984B-B2E8-C145-BF34-9BFB502D9CBB,508,7868509E-73A9-640A-8565-64E7FA57AB42,1856,,LNG_SCRTY_PSTN_PRDNTL_PRTFL_ASSGNMNT,SCRTY_PSTN,Y,NO ACTION,091C9649-9DAD-A360-8F8D-5A8A2FEB2085,557,C90D678E-EB19-129D-06C6-1289B6CB3DA4,589,740D3734-0D2F-BCB2-5754-FA24997CB41B,1768,5
LNKD_ENTRPRS_ASSGNMNT_ENTTY_RL_FK,DAAC984B-B2E8-C145-BF34-9BFB502D9CBB,508,BBB983FA-3FA4-BC32-58C0-47392520F190,1857,,LNKD_ENTRPRS_ASSGNMNT,ENTTY_RL,Y,NO ACTION,1836F063-19E1-1F83-57DE-27E40D4E3421,560,4B653CAB-D4D2-AA49-7CCD-219DBC512184,529,F040A82C-EC82-5D40-54DC-C50812E846A2,1594,4
LNKD_ENTRPRS_ASSGNMNT_PRTY_FK,DAAC984B-B2E8-C145-BF34-9BFB502D9CBB,508,6F328D7F-6404-E6DA-3BD9-2BEF020BC2A4,1858,,LNKD_ENTRPRS_ASSGNMNT,PRTY,Y,NO ACTION,1836F063-19E1-1F83-57DE-27E40D4E3421,560,E5401A5A-9FF6-40E0-EBE3-FDA5AAE23FCF,573,4278B78B-4148-ADD7-E57C-70C20CA6BB5A,1690,3
MSTR_AGRMNT_ENTTY_RL_ASSGNMNT_ENTTY_RL_FK,DAAC984B-B2E8-C145-BF34-9BFB502D9CBB,508,C4F0375E-4211-E7C5-67C1-63055D530EA4,1859,,MSTR_AGRMNT_ENTTY_RL_ASSGNMNT,ENTTY_RL,Y,NO ACTION,EC17E251-4BB9-DF54-1517-C50FCDB61BDC,562,4B653CAB-D4D2-AA49-7CCD-219DBC512184,529,F040A82C-EC82-5D40-54DC-C50812E846A2,1594,4
MSTR_AGRMNT_ENTTY_RL_ASSGNMNT_MSTR_AGRMNT_FK,DAAC984B-B2E8-C145-BF34-9BFB502D9CBB,508,96E569C1-392D-368E-59AC-E55B3E30EEF6,1860,,MSTR_AGRMNT_ENTTY_RL_ASSGNMNT,MSTR_AGRMNT,Y,NO ACTION,EC17E251-4BB9-DF54-1517-C50FCDB61BDC,562,37DB2BA8-2B30-7120-63C6-711F884FA1FB,561,B222DDFB-6963-A33C-C2A2-0E0B51DEA03B,1588,3
MSTR_AGRMNT_FNNCL_CNTRCT_ASSGNMNT_FNNCL_CNTRCT_FK,DAAC984B-B2E8-C145-BF34-9BFB502D9CBB,508,8748657C-1546-A88D-D800-1130029E7DB8,1861,,MSTR_AGRMNT_FNNCL_CNTRCT_ASSGNMNT,FNNCL_CNTRCT,Y,NO ACTION,B6CA738A-697C-AB13-B1FC-C21968D790ED,563,6E03253B-560E-046D-2145-307DA72C247A,537,7CF07C6E-1788-31D1-F578-D0ECC85D871A,1615,3
MSTR_AGRMNT_FNNCL_CNTRCT_ASSGNMNT_MSTR_AGRMNT_FK,DAAC984B-B2E8-C145-BF34-9BFB502D9CBB,508,4E4A85A6-C69D-761F-0F6B-78C3CE006307,1862,,MSTR_AGRMNT_FNNCL_CNTRCT_ASSGNMNT,MSTR_AGRMNT,Y,NO ACTION,B6CA738A-697C-AB13-B1FC-C21968D790ED,563,37DB2BA8-2B30-7120-63C6-711F884FA1FB,561,B222DDFB-6963-A33C-C2A2-0E0B51DEA03B,1588,3
NTRL_PRSN_KY_MNGMNT_PRSNLL_ASSGNMNT_ENTTY_RL_FK,DAAC984B-B2E8-C145-BF34-9BFB502D9CBB,508,CAF6BA37-BD96-8E71-247B-9CC2642DA4B0,1863,,NTRL_PRSN_KY_MNGMNT_PRSNLL_ASSGNMNT,ENTTY_RL,Y,NO ACTION,6CD36370-AA2F-DFD0-0A4E-D9A80ABDD63F,566,4B653CAB-D4D2-AA49-7CCD-219DBC512184,529,F040A82C-EC82-5D40-54DC-C50812E846A2,1594,4
NTRL_PRSN_KY_MNGMNT_PRSNLL_ASSGNMNT_PRTY_FK,DAAC984B-B2E8-C145-BF34-9BFB502D9CBB,508,A29DB45B-C030-86D5-3848-F4AE751B0B35,1864,,NTRL_PRSN_KY_MNGMNT_PRSNLL_ASSGNMNT,PRTY,Y,NO ACTION,6CD36370-AA2F-DFD0-0A4E-D9A80ABDD63F,566,E5401A5A-9FF6-40E0-EBE3-FDA5AAE23FCF,573,4278B78B-4148-ADD7-E57C-70C20CA6BB5A,1690,3
OFF_BLNC_INSTRMNT_CLLTRL_ASSGNMNT_CLLTRL_FK,DAAC984B-B2E8-C145-BF34-9BFB502D9CBB,508,14838EE6-3E9D-84F9-28E1-F0EA215C3D45,1865,,OFF_BLNC_INSTRMNT_CLLTRL_ASSGNMNT,CLLTRL,Y,NO ACTION,2EAD3900-8B63-BE5F-1DDF-ECA499267C8A,567,047E650D-CA92-F806-F392-42075133AEFD,515,F2269798-84F0-34E6-01B2-D7FDAC7FFE79,1551,3
OFF_BLNC_INSTRMNT_CLLTRL_ASSGNMNT_INSTRMNT_FK,DAAC984B-B2E8-C145-BF34-9BFB502D9CBB,508,66F04DB9-B60F-607E-D659-F33203A57D06,1866,,OFF_BLNC_INSTRMNT_CLLTRL_ASSGNMNT,INSTRMNT,Y,NO ACTION,2EAD3900-8B63-BE5F-1DDF-ECA499267C8A,567,87B8F2F3-99B6-4C31-89BC-9DDA04011559,542,EC345D9A-51E2-5DC6-D10B-140804874BCB,1643,3
OTC_DRVTV_INSTRMNT_SNTHTC_SCRTSTN_ASSGNMNT_INSTRMNT_FK,DAAC984B-B2E8-C145-BF34-9BFB502D9CBB,508,1414841B-7CBD-C36A-9DB1-23AA20D65F0F,1867,,OTC_DRVTV_INSTRMNT_SNTHTC_SCRTSTN_ASSGNMNT,INSTRMNT,Y,NO ACTION,81AF6327-8E8D-E0FC-5C62-57068F01EFD4,568,87B8F2F3-99B6-4C31-89BC-9DDA04011559,542,EC345D9A-51E2-5DC6-D10B-140804874BCB,1643,3
OTC_DRVTV_INSTRMNT_SNTHTC_SCRTSTN_ASSGNMNT_SNTHTC_SCRTSTN_FK,DAAC984B-B2E8-C145-BF34-9BFB502D9CBB,508,D56C88CB-5763-8A59-9C32-D37F037E9470,1868,,OTC_DRVTV_INSTRMNT_SNTHTC_SCRTSTN_ASSGNMNT,SNTHTC_SCRTSTN,Y,NO ACTION,81AF6327-8E8D-E0FC-5C62-57068F01EFD4,568,23E74B88-0E40-C754-77D0-56E2179103C3,594,C54FDA65-9E09-BA69-F3C9-115651E4E2B7,1729,3
OTHR_PRTY_ID_PRTY_CD_FK,DAAC984B-B2E8-C145-BF34-9BFB502D9CBB,508,57EAEB1D-919F-7023-BDEA-50922D499CD4,1869,,OTHR_PRTY_ID,PRTY_CD,Y,NO ACTION,E916645D-FF3A-DD80-E87E-9BE9086C5F10,569,3393DC2F-435C-1115-B8BC-0197A2055091,574,DE64212A-E4E8-800A-097B-7D3BA22895FB,1586,4
PRTCTN_PRTCTN_PRVD_ASSGNMNT_ENTTY_RL_FK,DAAC984B-B2E8-C145-BF34-9BFB502D9CBB,508,5B1C0E16-A219-4441-AA91-2754AA1F48C5,1870,,PRTCTN_PRTCTN_PRVD_ASSGNMNT,ENTTY_RL,Y,NO ACTION,32D5B136-770A-3A62-3CEB-30326C7DD428,571,4B653CAB-D4D2-AA49-7CCD-219DBC512184,529,F040A82C-EC82-5D40-54DC-C50812E846A2,1594,4
PRTCTN_PRTCTN_PRVD_ASSGNMNT_PRTCTN_ARRNGMNT_FK,DAAC984B-B2E8-C145-BF34-9BFB502D9CBB,508,39B8EE2B-187E-5E07-86F4-3BAFFA6D702A,1871,,PRTCTN_PRTCTN_PRVD_ASSGNMNT,PRTCTN_ARRNGMNT,Y,NO ACTION,32D5B136-770A-3A62-3CEB-30326C7DD428,571,92DE0027-230E-601C-FF70-EB25116904DC,570,2A82C020-3D01-31EA-E54B-C21839395F28,1656,3
PRTNR_ENTRPRS_ASSGNMNT_ENTTY_RL_FK,DAAC984B-B2E8-C145-BF34-9BFB502D9CBB,508,BA3F8D1A-BEF3-6509-9C77-BED5FBF6240A,1872,,PRTNR_ENTRPRS_ASSGNMNT,ENTTY_RL,Y,NO ACTION,EEF1451A-1D6D-A6E2-44B6-635F3DA898D5,572,4B653CAB-D4D2-AA49-7CCD-219DBC512184,529,F040A82C-EC82-5D40-54DC-C50812E846A2,1594,4
PRTNR_ENTRPRS_ASSGNMNT_PRTY_FK,DAAC984B-B2E8-C145-BF34-9BFB502D9CBB,508,BBFE6F75-080D-B6AC-5BA0-6CF0FB514361,1873,,PRTNR_ENTRPRS_ASSGNMNT,PRTY,Y,NO ACTION,EEF1451A-1D6D-A6E2-44B6-635F3DA898D5,572,E5401A5A-9FF6-40E0-EBE3-FDA5AAE23FCF,573,4278B78B-4148-ADD7-E57C-70C20CA6BB5A,1690,3
PRTY_CD_PRTY_FK,DAAC984B-B2E8-C145-BF34-9BFB502D9CBB,508,70F5589D-0A6B-4952-57EE-50082BE62357,1874,,PRTY_CD,PRTY,Y,NO ACTION,3393DC2F-435C-1115-B8BC-0197A2055091,574,E5401A5A-9FF6-40E0-EBE3-FDA5AAE23FCF,573,4278B78B-4148-ADD7-E57C-70C20CA6BB5A,1690,3
PRTY_GRP_FK,DAAC984B-B2E8-C145-BF34-9BFB502D9CBB,508,B63D633B-02CC-5DF2-B793-800425B01B23,1875,,PRTY,GRP,Y,NO ACTION,E5401A5A-9FF6-40E0-EBE3-FDA5AAE23FCF,573,8119561B-DC57-A598-E7CA-66559DCC136A,539,70403B7D-A6C0-755D-D856-219630168043,1636,3
PRTY_PRTY_FK,DAAC984B-B2E8-C145-BF34-9BFB502D9CBB,508,E1ADE49D-0D0E-1231-CA18-4D5A7218245F,1876,,PRTY,PRTY,Y,NO ACTION,E5401A5A-9FF6-40E0-EBE3-FDA5AAE23FCF,573,E5401A5A-9FF6-40E0-EBE3-FDA5AAE23FCF,573,4278B78B-4148-ADD7-E57C-70C20CA6BB5A,1690,3
PRTY_PRTY_FKv2,DAAC984B-B2E8-C145-BF34-9BFB502D9CBB,508,5E63AA4D-76B6-E931-AC52-2C75A9D2E968,1877,,PRTY,PRTY,Y,NO ACTION,E5401A5A-9FF6-40E0-EBE3-FDA5AAE23FCF,573,E5401A5A-9FF6-40E0-EBE3-FDA5AAE23FCF,573,4278B78B-4148-ADD7-E57C-70C20CA6BB5A,1690,3
PRTY_PRVS_PRD_DT_PRTY_FK,DAAC984B-B2E8-C145-BF34-9BFB502D9CBB,508,D20C716C-B8D7-F3EC-FB69-D2ABDCB87745,1878,,PRTY_PRVS_PRD_DT,PRTY,Y,NO ACTION,E82685FB-F785-50B8-620B-7D601824A60B,575,E5401A5A-9FF6-40E0-EBE3-FDA5AAE23FCF,573,4278B78B-4148-ADD7-E57C-70C20CA6BB5A,1690,3
RPRCHS_AGRMNT_CMPNNT_INSTRMNT_FK,DAAC984B-B2E8-C145-BF34-9BFB502D9CBB,508,B3C71C0A-50F8-7640-5A76-7EF37A5D7AAB,1879,,RPRCHS_AGRMNT_CMPNNT,INSTRMNT,Y,NO ACTION,1EAF4C6F-2374-8304-D71C-91E071678795,576,87B8F2F3-99B6-4C31-89BC-9DDA04011559,542,EC345D9A-51E2-5DC6-D10B-140804874BCB,1643,3
RSK_FAC_SA_ENTTY_RL_FK,DAAC984B-B2E8-C145-BF34-9BFB502D9CBB,508,BAD62CC3-2B7C-FD00-8204-18C8799C37B1,1880,,RSK_FAC_SA,ENTTY_RL,Y,NO ACTION,CE4EB787-3E2C-8137-59B0-462D43187FB2,577,4B653CAB-D4D2-AA49-7CCD-219DBC512184,529,F040A82C-EC82-5D40-54DC-C50812E846A2,1594,4
RSK_FAC_SA_SCRTY_EXCHNG_TRDBL_DRVTV_FK,DAAC984B-B2E8-C145-BF34-9BFB502D9CBB,508,7639DC7F-BD0E-11DD-870A-5D8E28A27338,1881,,RSK_FAC_SA,SCRTY_EXCHNG_TRDBL_DRVTV,Y,NO ACTION,CE4EB787-3E2C-8137-59B0-462D43187FB2,577,D6CB5732-4496-49FD-B2BA-8283C03255CA,587,15A3E3E0-7D89-AAFB-D014-4D3318904F3E,1772,3
RTNG_GRD_CNTRY_ASSGNMNT_RTNG_GRD_FK,DAAC984B-B2E8-C145-BF34-9BFB502D9CBB,508,1F571137-2300-3D3D-6785-A065CDE27A21,1882,,RTNG_GRD_CNTRY_ASSGNMNT,RTNG_GRD,Y,NO ACTION,FEA328F8-3AA2-8C6C-0D6E-72741828A5A0,580,9D8C0F43-4476-2732-974B-98AA8E84332C,579,34B0B703-B7B6-C263-F91A-26791DF4857D,1751,3
RTNG_GRD_ISS_BSD_RTNG_SSTM_DBT_SCRTY_ASSGNMNT_RTNG_GRD_FK,DAAC984B-B2E8-C145-BF34-9BFB502D9CBB,508,52F05AF6-659C-C5A1-859C-BD27FC6E24CB,1883,,RTNG_GRD_ISS_BSD_RTNG_SSTM_DBT_SCRTY_ASSGNMNT,RTNG_GRD,Y,NO ACTION,C2253E65-08CB-2D2D-ECF9-F915CB6CF360,581,9D8C0F43-4476-2732-974B-98AA8E84332C,579,34B0B703-B7B6-C263-F91A-26791DF4857D,1751,3
RTNG_GRD_ISS_BSD_RTNG_SSTM_DBT_SCRTY_ASSGNMNT_SCRTY_EXCHNG_TRDBL_DRVTV_FK,DAAC984B-B2E8-C145-BF34-9BFB502D9CBB,508,4C07FC87-2593-CE8C-AE06-65812F430248,1884,,RTNG_GRD_ISS_BSD_RTNG_SSTM_DBT_SCRTY_ASSGNMNT,SCRTY_EXCHNG_TRDBL_DRVTV,Y,NO ACTION,C2253E65-08CB-2D2D-ECF9-F915CB6CF360,581,D6CB5732-4496-49FD-B2BA-8283C03255CA,587,15A3E3E0-7D89-AAFB-D014-4D3318904F3E,1772,3
RTNG_GRD_OTHR_ORGNSTN_ASSGNMNT_PRTY_FK,DAAC984B-B2E8-C145-BF34-9BFB502D9CBB,508,85AE8FE0-61B1-BEBE-3C09-FA59B2835CE0,1885,,RTNG_GRD_OTHR_ORGNSTN_ASSGNMNT,PRTY,Y,NO ACTION,BD33CCFB-08ED-EA24-E528-2295EE92430A,582,E5401A5A-9FF6-40E0-EBE3-FDA5AAE23FCF,573,4278B78B-4148-ADD7-E57C-70C20CA6BB5A,1690,3
RTNG_GRD_OTHR_ORGNSTN_ASSGNMNT_RTNG_GRD_FK,DAAC984B-B2E8-C145-BF34-9BFB502D9CBB,508,F030EC24-44F9-6AFB-4730-B581A3911AF4,1886,,RTNG_GRD_OTHR_ORGNSTN_ASSGNMNT,RTNG_GRD,Y,NO ACTION,BD33CCFB-08ED-EA24-E528-2295EE92430A,582,9D8C0F43-4476-2732-974B-98AA8E84332C,579,34B0B703-B7B6-C263-F91A-26791DF4857D,1751,3
RTNG_GRD_RTNG_SYSTM_FKv2,DAAC984B-B2E8-C145-BF34-9BFB502D9CBB,508,D844B75E-0702-CC19-9910-6FBCE12EB8EF,1887,,RTNG_GRD,RTNG_SYSTM,Y,NO ACTION,9D8C0F43-4476-2732-974B-98AA8E84332C,579,226E5594-A3BF-77DB-E777-BDAE537244C6,583,C2396A74-10D7-EA06-D782-28103BEC03C9,1727,2
RTNG_SYSTM_APPLD_LGL_PRSN_PRTY_FK,DAAC984B-B2E8-C145-BF34-9BFB502D9CBB,508,177B0540-5490-9F7F-E771-01249036221F,1888,,RTNG_SYSTM_APPLD_LGL_PRSN,PRTY,Y,NO ACTION,403D137D-AB40-99FD-B3ED-7781D7D30DE0,584,E5401A5A-9FF6-40E0-EBE3-FDA5AAE23FCF,573,4278B78B-4148-ADD7-E57C-70C20CA6BB5A,1690,3
RTNG_SYSTM_APPLD_LGL_PRSN_RTNG_SYSTM_FK,DAAC984B-B2E8-C145-BF34-9BFB502D9CBB,508,E9A43929-8E08-3A42-7535-F89258A2504F,1889,,RTNG_SYSTM_APPLD_LGL_PRSN,RTNG_SYSTM,Y,NO ACTION,403D137D-AB40-99FD-B3ED-7781D7D30DE0,584,226E5594-A3BF-77DB-E777-BDAE537244C6,583,C2396A74-10D7-EA06-D782-28103BEC03C9,1727,2
RTNG_SYSTM_RTNG_AGNCY_FK,DAAC984B-B2E8-C145-BF34-9BFB502D9CBB,508,3351A44D-0509-D968-27A9-89E8B6CE18E4,1890,,RTNG_SYSTM,RTNG_AGNCY,Y,NO ACTION,226E5594-A3BF-77DB-E777-BDAE537244C6,583,FDBD8A40-0106-A02B-4362-46473D8288FB,578,197C3BC3-2750-8175-4948-A2B9CC5E4620,1776,1
SBSDRY_JNT_VNTR_ASSCT_OTHR_ORGNSTN_ASSGNMNT_ENTTY_RL_FK,DAAC984B-B2E8-C145-BF34-9BFB502D9CBB,508,49B554BA-DEC7-FD03-184C-1EACFB6126DF,1891,,SBSDRY_JNT_VNTR_ASSCT_OTHR_ORGNSTN_ASSGNMNT,ENTTY_RL,Y,NO ACTION,E8F04457-E878-EECF-C5C6-937C9A15D64E,585,4B653CAB-D4D2-AA49-7CCD-219DBC512184,529,F040A82C-EC82-5D40-54DC-C50812E846A2,1594,4
SBSDRY_JNT_VNTR_ASSCT_OTHR_ORGNSTN_ASSGNMNT_GRP_FK,DAAC984B-B2E8-C145-BF34-9BFB502D9CBB,508,422AF614-F1FC-66DE-9462-5E61FD24DB58,1892,,SBSDRY_JNT_VNTR_ASSCT_OTHR_ORGNSTN_ASSGNMNT,GRP,Y,NO ACTION,E8F04457-E878-EECF-C5C6-937C9A15D64E,585,8119561B-DC57-A598-E7CA-66559DCC136A,539,70403B7D-A6C0-755D-D856-219630168043,1636,3
SCRTY_ENTTY_RL_ASSGNMNT_ENTTY_RL_FK,DAAC984B-B2E8-C145-BF34-9BFB502D9CBB,508,CA8BBBDC-37B3-DF12-393B-566E58A3705E,1893,,SCRTY_ENTTY_RL_ASSGNMNT,ENTTY_RL,Y,NO ACTION,4B9E4A10-D342-69DB-2378-1DE06B06B59F,586,4B653CAB-D4D2-AA49-7CCD-219DBC512184,529,F040A82C-EC82-5D40-54DC-C50812E846A2,1594,4
SCRTY_ENTTY_RL_ASSGNMNT_SCRTY_EXCHNG_TRDBL_DRVTV_FKv2,DAAC984B-B2E8-C145-BF34-9BFB502D9CBB,508,E2A10EA9-1D59-0F2E-5AAF-0BBE9ED15AEF,1894,,SCRTY_ENTTY_RL_ASSGNMNT,SCRTY_EXCHNG_TRDBL_DRVTV,Y,NO ACTION,4B9E4A10-D342-69DB-2378-1DE06B06B59F,586,D6CB5732-4496-49FD-B2BA-8283C03255CA,587,15A3E3E0-7D89-AAFB-D014-4D3318904F3E,1772,3
SCRTY_HDGD_EXCHNG_TRDBL_DRVTV_EXCHNG_TRDBL_DRVTV_POSTN_RL_FK,DAAC984B-B2E8-C145-BF34-9BFB502D9CBB,508,6AB229C6-F0D8-169F-E2C7-A2E4EAE9E523,1895,,SCRTY_HDGD_EXCHNG_TRDBL_DRVTV,EXCHNG_TRDBL_DRVTV_POSTN_RL,Y,NO ACTION,95651791-55BF-844B-FE92-BADC9916C426,588,A0A7A9C6-3E78-9547-3005-5FCBBA0B9673,532,F042C938-0D7E-8B0F-B659-BEC42BC68BB2,1660,8
SCRTY_HDGD_EXCHNG_TRDBL_DRVTV_LNG_SCRTY_PSTN_PRDNTL_PRTFL_ASSGNMNT_FK,DAAC984B-B2E8-C145-BF34-9BFB502D9CBB,508,8E0A171C-8FC2-DFE3-7B0E-7C47178EDEDA,1896,,SCRTY_HDGD_EXCHNG_TRDBL_DRVTV,LNG_SCRTY_PSTN_PRDNTL_PRTFL_ASSGNMNT,Y,NO ACTION,95651791-55BF-844B-FE92-BADC9916C426,588,091C9649-9DAD-A360-8F8D-5A8A2FEB2085,557,74AB5F0C-E02B-D7DC-AA1D-15547B4AEBBC,1554,6
SCRTY_PSTN_ENTTY_RL_FK,DAAC984B-B2E8-C145-BF34-9BFB502D9CBB,508,02D4685A-47EB-99AF-1163-96E6F466D459,1897,,SCRTY_PSTN,ENTTY_RL,Y,NO ACTION,C90D678E-EB19-129D-06C6-1289B6CB3DA4,589,4B653CAB-D4D2-AA49-7CCD-219DBC512184,529,F040A82C-EC82-5D40-54DC-C50812E846A2,1594,4
SCRTY_PSTN_HDGD_OTC_DRVTV_ABSTRCT_INSTRMNT_RL_FK,DAAC984B-B2E8-C145-BF34-9BFB502D9CBB,508,C5ABD61C-36B8-67EB-DEDA-014C019BB063,1898,,SCRTY_PSTN_HDGD_OTC_DRVTV,ABSTRCT_INSTRMNT_RL,Y,NO ACTION,AEE4FBB2-3EC7-A47F-ED9C-D2AAADFB2F3B,590,59931FDF-8E75-BD96-3057-1060F2324E7D,509,6EC8906B-606A-E5F9-8780-E393494D289F,1604,4
SCRTY_PSTN_HDGD_OTC_DRVTV_LNG_SCRTY_PSTN_PRDNTL_PRTFL_ASSGNMNT_FK,DAAC984B-B2E8-C145-BF34-9BFB502D9CBB,508,6263BB8B-551C-C00D-D39A-8006F623538E,1899,,SCRTY_PSTN_HDGD_OTC_DRVTV,LNG_SCRTY_PSTN_PRDNTL_PRTFL_ASSGNMNT,Y,NO ACTION,AEE4FBB2-3EC7-A47F-ED9C-D2AAADFB2F3B,590,091C9649-9DAD-A360-8F8D-5A8A2FEB2085,557,74AB5F0C-E02B-D7DC-AA1D-15547B4AEBBC,1554,6
SCRTY_PSTN_SCRTY_EXCHNG_TRDBL_DRVTV_FK,DAAC984B-B2E8-C145-BF34-9BFB502D9CBB,508,8BF0FA09-70F6-06CE-EB28-4B5940FB7133,1900,,SCRTY_PSTN,SCRTY_EXCHNG_TRDBL_DRVTV,Y,NO ACTION,C90D678E-EB19-129D-06C6-1289B6CB3DA4,589,D6CB5732-4496-49FD-B2BA-8283C03255CA,587,15A3E3E0-7D89-AAFB-D014-4D3318904F3E,1772,3
SCRTY_SCRTY_RPRCHS_AGRMNT_CMPNNT_ASSGNMNT_RPRCHS_AGRMNT_CMPNNT_FK,DAAC984B-B2E8-C145-BF34-9BFB502D9CBB,508,1B050B4D-EF51-4259-9253-EF2AFA9E2BFB,1901,,SCRTY_SCRTY_RPRCHS_AGRMNT_CMPNNT_ASSGNMNT,RPRCHS_AGRMNT_CMPNNT,Y,NO ACTION,A3B79CFA-B1DC-D05D-5EF8-9DBB2F3D9474,591,1EAF4C6F-2374-8304-D71C-91E071678795,576,0189CD01-5F2C-8470-160A-7AF087EFA03A,1564,4
SCRTY_SCRTY_RPRCHS_AGRMNT_CMPNNT_ASSGNMNT_SCRTY_EXCHNG_TRDBL_DRVTV_FK,DAAC984B-B2E8-C145-BF34-9BFB502D9CBB,508,C0121D02-8ED4-5BA4-5239-BBCB15418FF1,1902,,SCRTY_SCRTY_RPRCHS_AGRMNT_CMPNNT_ASSGNMNT,SCRTY_EXCHNG_TRDBL_DRVTV,Y,NO ACTION,A3B79CFA-B1DC-D05D-5EF8-9DBB2F3D9474,591,D6CB5732-4496-49FD-B2BA-8283C03255CA,587,15A3E3E0-7D89-AAFB-D014-4D3318904F3E,1772,3
SCTRY_BRRWNG_LNDNG_TRNSCTN_INCLDNG_CSH_CLLTRL_INSTRMNT_FK,DAAC984B-B2E8-C145-BF34-9BFB502D9CBB,508,8C7C6056-7FC1-DC49-D372-4761AB2AA2CB,1903,,SCTRY_BRRWNG_LNDNG_TRNSCTN_INCLDNG_CSH_CLLTRL,INSTRMNT,Y,NO ACTION,79C41C02-ECF4-5A26-14B6-4354498DFB09,592,87B8F2F3-99B6-4C31-89BC-9DDA04011559,542,EC345D9A-51E2-5DC6-D10B-140804874BCB,1643,3
SCTRY_BRRWNG_LNDNG_TRNSCTN_INCLDNG_CSH_CLLTRL_SCRTY_EXCHNG_TRDBL_DRVTV_FK,DAAC984B-B2E8-C145-BF34-9BFB502D9CBB,508,8A20BB4D-2E96-4137-22EC-F40D321EC523,1904,,SCTRY_BRRWNG_LNDNG_TRNSCTN_INCLDNG_CSH_CLLTRL,SCRTY_EXCHNG_TRDBL_DRVTV,Y,NO ACTION,79C41C02-ECF4-5A26-14B6-4354498DFB09,592,D6CB5732-4496-49FD-B2BA-8283C03255CA,587,15A3E3E0-7D89-AAFB-D014-4D3318904F3E,1772,3
SHRT_SCRTY_PSTN_PRDNTL_PRTFL_ASSGNMNT_SCRTY_PSTN_FK,DAAC984B-B2E8-C145-BF34-9BFB502D9CBB,508,7EF797B6-0C9A-6081-2D5F-DCAF4ACF4BC4,1905,,SHRT_SCRTY_PSTN_PRDNTL_PRTFL_ASSGNMNT,SCRTY_PSTN,Y,NO ACTION,85F80458-02BC-F6E8-F727-1934AF01FD0C,593,C90D678E-EB19-129D-06C6-1289B6CB3DA4,589,740D3734-0D2F-BCB2-5754-FA24997CB41B,1768,5
SNTHTC_SCRTSTN_ASST_PL_FK,DAAC984B-B2E8-C145-BF34-9BFB502D9CBB,508,4A50487B-ADB3-92D9-E62C-1BB9E4B21A83,1906,,SNTHTC_SCRTSTN,ASST_PL,Y,NO ACTION,23E74B88-0E40-C754-77D0-56E2179103C3,594,3BEF4F55-DD4D-E3AD-F434-7162FC998383,510,42855C26-9177-C2C5-8059-0A27C7CEE908,1589,3
TRDTNL_SCRTSTN_ASST_PL_FK,DAAC984B-B2E8-C145-BF34-9BFB502D9CBB,508,A4DAE9EC-7845-D7AD-580F-256EFB1A195B,1907,,TRDTNL_SCRTSTN,ASST_PL,Y,NO ACTION,9C441344-A6AD-CB94-E4F8-CAC0A96E639E,596,3BEF4F55-DD4D-E3AD-F434-7162FC998383,510,42855C26-9177-C2C5-8059-0A27C7CEE908,1589,3
TRDTNL_SCRTSTN_CRDT_FCLTY_FK,DAAC984B-B2E8-C145-BF34-9BFB502D9CBB,508,90F7B0B7-F04B-E4F3-48CD-EDEDCBBC1754,1908,,TRDTNL_SCRTSTN,CRDT_FCLTY,Y,NO ACTION,9C441344-A6AD-CB94-E4F8-CAC0A96E639E,596,1249664E-1BF6-464E-ACD2-2912EC315F32,517,B7045990-D779-66EB-4060-4E9D47FCA2EB,1556,3
TRNCH_SYNTHTC_SCRTSTN_WTHT_SSPE_DPST_INSTRMNT_FK,DAAC984B-B2E8-C145-BF34-9BFB502D9CBB,508,99277CFC-164B-2C7C-857D-DB6BE814C524,1909,,TRNCH_SYNTHTC_SCRTSTN_WTHT_SSPE_DPST,INSTRMNT,Y,NO ACTION,0CCB480D-9CA6-6581-F54D-9B83F1D51E3F,597,87B8F2F3-99B6-4C31-89BC-9DDA04011559,542,EC345D9A-51E2-5DC6-D10B-140804874BCB,1643,3
TRNCH_SYNTHTC_SCRTSTN_WTHT_SSPE_DPST_SNTHTC_SCRTSTN_FK,DAAC984B-B2E8-C145-BF34-9BFB502D9CBB,508,A1185D3C-149A-7151-7BB7-8619408AE6A6,1910,,TRNCH_SYNTHTC_SCRTSTN_WTHT_SSPE_DPST,SNTHTC_SCRTSTN,Y,NO ACTION,0CCB480D-9CA6-6581-F54D-9B83F1D51E3F,597,23E74B88-0E40-C754-77D0-56E2179103C3,594,C54FDA65-9E09-BA69-F3C9-115651E4E2B7,1729,3
TRNCH_SYNTHTC_SCRTSTN_WTHT_SSPE_FNNCL_GRNT_INSTRMNT_FK,DAAC984B-B2E8-C145-BF34-9BFB502D9CBB,508,526C0B16-E20A-7D0F-CC20-51408BFE61EA,1911,,TRNCH_SYNTHTC_SCRTSTN_WTHT_SSPE_FNNCL_GRNT,INSTRMNT,Y,NO ACTION,A75EE4F7-B26F-E227-226B-AAF8E7A528E6,598,87B8F2F3-99B6-4C31-89BC-9DDA04011559,542,EC345D9A-51E2-5DC6-D10B-140804874BCB,1643,3
TRNCH_SYNTHTC_SCRTSTN_WTHT_SSPE_FNNCL_GRNT_SNTHTC_SCRTSTN_FK,DAAC984B-B2E8-C145-BF34-9BFB502D9CBB,508,3C524DCB-1BAE-6FC0-E8D0-02CA39E9EFD5,1912,,TRNCH_SYNTHTC_SCRTSTN_WTHT_SSPE_FNNCL_GRNT,SNTHTC_SCRTSTN,Y,NO ACTION,A75EE4F7-B26F-E227-226B-AAF8E7A528E6,598,23E74B88-0E40-C754-77D0-56E2179103C3,594,C54FDA65-9E09-BA69-F3C9-115651E4E2B7,1729,3
TRNCH_TRDTNL_SCRTSTN_SCRTY_EXCHNG_TRDBL_DRVTV_FK,DAAC984B-B2E8-C145-BF34-9BFB502D9CBB,508,132A2D4F-8CB2-4ACB-BD33-80F66577CA3C,1913,,TRNCH_TRDTNL_SCRTSTN,SCRTY_EXCHNG_TRDBL_DRVTV,Y,NO ACTION,83E5E3BF-6FBA-EF30-2956-7C488E0B0199,599,D6CB5732-4496-49FD-B2BA-8283C03255CA,587,15A3E3E0-7D89-AAFB-D014-4D3318904F3E,1772,3
TRNCH_TRDTNL_SCRTSTN_TRDTNL_SCRTSTN_FK,DAAC984B-B2E8-C145-BF34-9BFB502D9CBB,508,8377D295-D0AF-5C7F-50E4-4AE65148EFBD,1914,,TRNCH_TRDTNL_SCRTSTN,TRDTNL_SCRTSTN,Y,NO ACTION,83E5E3BF-6FBA-EF30-2956-7C488E0B0199,599,9C441344-A6AD-CB94-E4F8-CAC0A96E639E,596,9F557113-0AF1-02EB-E5D1-4ED11D2F26AC,1748,3
