Table_Name,ObjectID,NumOID,ImportID,ModelID,Num_ModelID,Structured_Type_ID,Num_Structured_Type_ID,Structured_Type_Name,Number_Data_Elements,Classification_Type,Allow_Type_Substitution,Min_Volume,Expected_Volume,Max_Volume,Growth_Rate_Percents,Growth_Rate_Interval,Normal_Form,Temporary_Object_Scope,Adequately_Normalized,Substitution_Parent,Num_Substitution_Parent,Engineer,Spatial_Table,OID_is_PK,OID_is_User_Defined,Include_Scripts_Into_DDL
ABSTRCT_INSTRMNT_RL,59931FDF-8E75-BD96-3057-1060F2324E7D,509,,DAAC984B-B2E8-C145-BF34-9BFB502D9CBB,508,,,,90,E3679F77-0ED6-93EB-F366-44CA2F802395,Y,0,0,9999999,0,Year,Third,,N,,,Y,N,N,Y,N
ASST_PL,3BEF4F55-DD4D-E3AD-F434-7162FC998383,510,,DAAC984B-B2E8-C145-BF34-9BFB502D9CBB,508,,,,7,A0CBE5B5-15E4-B4F0-F88E-E83729225A42,Y,0,0,9999999,0,Year,Third,,N,,,Y,N,N,Y,N
ASST_PL_DBT_SCRTY_PSTN_ASSGNMNT,66F3E9E8-4B99-0817-A12F-F64F2038DA71,511,,DAAC984B-B2E8-C145-BF34-9BFB502D9CBB,508,,,,7,A0CBE5B5-15E4-B4F0-F88E-E83729225A42,Y,0,0,9999999,0,Year,Third,,N,,,Y,N,N,Y,N
ASST_PL_EQT_INSTRMNT_NT_SCRT_ASSGNMNT,1F52C05C-8081-83B4-E1F6-DAFA19FEBA90,512,,DAAC984B-B2E8-C145-BF34-9BFB502D9CBB,508,,,,4,A0CBE5B5-15E4-B4F0-F88E-E83729225A42,Y,0,0,9999999,0,Year,Third,,N,,,Y,N,N,Y,N
ASST_PL_LN_ASSGNMNT,F9D741F4-7DAB-2579-98F1-264F44154142,513,,DAAC984B-B2E8-C145-BF34-9BFB502D9CBB,508,,,,6,A0CBE5B5-15E4-B4F0-F88E-E83729225A42,Y,0,0,9999999,0,Year,Third,,N,,,Y,N,N,Y,N
BLNC_SHT_NTTNG,A6B10ABC-F7E2-ACE5-550C-4A31FEEC1C41,514,,DAAC984B-B2E8-C145-BF34-9BFB502D9CBB,508,,,,3,B00C49F8-7AB8-0344-2390-66F8B305696A,Y,0,0,9999999,0,Year,Third,,N,,,Y,N,N,Y,N
CLLTRL,047E650D-CA92-F806-F392-42075133AEFD,515,,DAAC984B-B2E8-C145-BF34-9BFB502D9CBB,508,,,,30,9233E877-99B3-25CB-0DCC-48B7E03DC1DD,Y,0,0,9999999,0,Year,Third,,N,,,Y,N,N,Y,N
CLLTRL_NN_FNNCL_ASST_ASSGNMNT,76C08555-F857-D9A7-8EB2-2E0D4190A731,516,,DAAC984B-B2E8-C145-BF34-9BFB502D9CBB,508,,,,14,9233E877-99B3-25CB-0DCC-48B7E03DC1DD,Y,0,0,9999999,0,Year,Third,,N,,,Y,N,N,Y,N
CRDT_FCLTY,1249664E-1BF6-464E-ACD2-2912EC315F32,517,,DAAC984B-B2E8-C145-BF34-9BFB502D9CBB,508,,,,38,AE3B0B8B-4E66-709C-450E-CC4B1C21FF1E,Y,0,0,9999999,0,Year,Third,,N,,,Y,N,N,Y,N
CRDT_FCLTY_CLLTRL_ASSGNMNT,5C0F89BE-3227-C9B8-2045-00FDC09554AC,518,,DAAC984B-B2E8-C145-BF34-9BFB502D9CBB,508,,,,4,8901219F-AB49-127E-838D-9EE79906B11E,Y,0,0,9999999,0,Year,Third,,N,,,Y,N,N,Y,N
CRDT_FCLTY_CLLTRL_RCVD_INSTRMNT_ASSGNMNT,548A4B0A-9B09-9FDD-5A31-A0C2320697EE,519,,DAAC984B-B2E8-C145-BF34-9BFB502D9CBB,508,,,,6,8901219F-AB49-127E-838D-9EE79906B11E,Y,0,0,9999999,0,Year,Third,,N,,,Y,N,N,Y,N
CRDT_FCLTY_ENTTY_RL_ASSGNMNT,7C3645D4-5CD2-924F-EFC2-36E76D3E8826,520,,DAAC984B-B2E8-C145-BF34-9BFB502D9CBB,508,,,,6,321D792E-206D-B597-68BE-AFF9E9EBC387,Y,0,0,9999999,0,Year,Third,,N,,,Y,N,N,Y,N
CRDT_RSK_MTGTN_ASSGNMNT,7FAAC392-07B0-BC16-83CC-D134E502AB48,521,,DAAC984B-B2E8-C145-BF34-9BFB502D9CBB,508,,,,4,9233E877-99B3-25CB-0DCC-48B7E03DC1DD,Y,0,0,9999999,0,Year,Third,,N,,,Y,N,N,Y,N
CRDT_TRNSFR_OTHR_SCRTSTN_CVRD_BND_PRGRM,FACE0FBC-0946-D0E9-903B-46EE7C066C76,522,,DAAC984B-B2E8-C145-BF34-9BFB502D9CBB,508,,,,5,A0CBE5B5-15E4-B4F0-F88E-E83729225A42,Y,0,0,9999999,0,Year,Third,,N,,,Y,N,N,Y,N
CSH_HND,CB042D8D-FB68-407D-0544-C2790995CCFE,523,,DAAC984B-B2E8-C145-BF34-9BFB502D9CBB,508,,,,5,33380944-8442-174B-069A-88F99EEEC3DC,Y,0,0,9999999,0,Year,Third,,N,,,Y,N,N,Y,N
CVRD_BND_ISSNC,A98E0419-9AAC-57D9-7980-868E4DB6357D,524,,DAAC984B-B2E8-C145-BF34-9BFB502D9CBB,508,,,,4,A0CBE5B5-15E4-B4F0-F88E-E83729225A42,Y,0,0,9999999,0,Year,Third,,N,,,Y,N,N,Y,N
CVRD_BND_PRGRM,86E724FE-5468-A14C-F821-0799000887AB,525,,DAAC984B-B2E8-C145-BF34-9BFB502D9CBB,508,,,,5,A0CBE5B5-15E4-B4F0-F88E-E83729225A42,Y,0,0,9999999,0,Year,Third,,N,,,Y,N,N,Y,N
DBT_SCRTY_ISSD,B1E5690A-06AC-64EA-90DF-15CE246EAF07,526,,DAAC984B-B2E8-C145-BF34-9BFB502D9CBB,508,,,,20,178C245A-208C-578D-F0C5-C390D8542711,Y,0,0,9999999,0,Year,Third,,N,,,Y,N,N,Y,N
DBT_SCRTY_ISSD_TRDTNL_SCRTSTN_ASSGNMNT,EB5466F9-3269-B168-7BC7-F39A39CDBB5D,527,,DAAC984B-B2E8-C145-BF34-9BFB502D9CBB,508,,,,5,A0CBE5B5-15E4-B4F0-F88E-E83729225A42,Y,0,0,9999999,0,Year,Third,,N,,,Y,N,N,Y,N
DBT_SCRTY_PRTCTN_ARRNGMNT_ASSGNMNT,15F2641D-6CFB-1128-6181-616FB65ACE4D,528,,DAAC984B-B2E8-C145-BF34-9BFB502D9CBB,508,,,,8,6B4999C9-9ED0-E7FF-EF12-F2895351A157,Y,0,0,9999999,0,Year,Third,,N,,,Y,N,N,Y,N
ENTTY_RL,4B653CAB-D4D2-AA49-7CCD-219DBC512184,529,,DAAC984B-B2E8-C145-BF34-9BFB502D9CBB,508,,,,11,7A67499C-0479-82E2-9F82-A693B748701D,Y,0,0,9999999,0,Year,Third,,N,,,Y,N,N,Y,N
EQT_INSTRMNT_LG_EQT_INSTRMNT_NT_SCRT_ASSGNMNT,74A4581C-AF69-A8C8-D883-2B8EEEAA08BC,530,,DAAC984B-B2E8-C145-BF34-9BFB502D9CBB,508,,,,5,E3679F77-0ED6-93EB-F366-44CA2F802395,Y,0,0,9999999,0,Year,Third,,N,,,Y,N,N,Y,N
ETD_LBLTY_PSTN_SNTHTC_SCRTSTN_ASSGNMNT,FAFE221F-C664-8460-21B0-D83D117029AB,531,,DAAC984B-B2E8-C145-BF34-9BFB502D9CBB,508,,,,9,A0CBE5B5-15E4-B4F0-F88E-E83729225A42,Y,0,0,9999999,0,Year,Third,,N,,,Y,N,N,Y,N
EXCHNG_TRDBL_DRVTV_POSTN_RL,A0A7A9C6-3E78-9547-3005-5FCBBA0B9673,532,,DAAC984B-B2E8-C145-BF34-9BFB502D9CBB,508,,,,17,6B4999C9-9ED0-E7FF-EF12-F2895351A157,Y,0,0,9999999,0,Year,Third,,N,,,Y,N,N,Y,N
EXCHNG_TRDBL_DRVTV_PSTN,7BBE4131-13CE-4E59-3F54-E9A5A3F6650F,533,,DAAC984B-B2E8-C145-BF34-9BFB502D9CBB,508,,,,10,6B4999C9-9ED0-E7FF-EF12-F2895351A157,Y,0,0,9999999,0,Year,Third,,N,,,Y,N,N,Y,N
FNDMNTL_RVW_TRDNG_BK_STNDRD_APPRCH_RSK_MSR_ETD_PSTNS,E46D9A34-2B79-D664-13DB-219286E4951B,534,,DAAC984B-B2E8-C145-BF34-9BFB502D9CBB,508,,,,21,1B94F88B-CE04-E04E-DE88-6866B6DBCB24,Y,0,0,9999999,0,Year,Third,,N,,,Y,N,N,Y,N
FNDMNTL_RVW_TRDNG_BK_STNDRD_APPRCH_RSK_MSR_FR_SCRTY_PSTNS,B7D8ACA5-B724-5F84-9356-73D49F6BD7E0,535,,DAAC984B-B2E8-C145-BF34-9BFB502D9CBB,508,,,,19,1B94F88B-CE04-E04E-DE88-6866B6DBCB24,Y,0,0,9999999,0,Year,Third,,N,,,Y,N,N,Y,N
FNDMNTL_RVW_TRDNG_BK_STNDRD_APPRCH_RSK_MSR_OTC_PSTNS,2330C347-945F-0759-0B6E-83BD3F5C8D81,536,,DAAC984B-B2E8-C145-BF34-9BFB502D9CBB,508,,,,15,1B94F88B-CE04-E04E-DE88-6866B6DBCB24,Y,0,0,9999999,0,Year,Third,,N,,,Y,N,N,Y,N
FNNCL_CNTRCT,6E03253B-560E-046D-2145-307DA72C247A,537,,DAAC984B-B2E8-C145-BF34-9BFB502D9CBB,508,,,,7,B00C49F8-7AB8-0344-2390-66F8B305696A,Y,0,0,9999999,0,Year,Third,,N,,,Y,N,N,Y,N
FNNCL_GRNT_INSTRMNT_DBT_SCRT_DBT_SCRTY_ASSGNMNT,DA9760EF-BB4D-B5EE-CB11-B478A9D3A211,538,,DAAC984B-B2E8-C145-BF34-9BFB502D9CBB,508,,,,5,E3679F77-0ED6-93EB-F366-44CA2F802395,Y,0,0,9999999,0,Year,Third,,N,,,Y,N,N,Y,N
GRP,8119561B-DC57-A598-E7CA-66559DCC136A,539,,DAAC984B-B2E8-C145-BF34-9BFB502D9CBB,508,,,,4,6A779D0D-F36E-D93D-2784-62A536E03441,Y,0,0,9999999,0,Year,Third,,N,,,Y,N,N,Y,N
GRP_CLNTS_KY_MNGMNT_PRSNLL_ASSGNMNT,CBFB9398-DBD3-D608-1E57-8F74351E3118,540,,DAAC984B-B2E8-C145-BF34-9BFB502D9CBB,508,,,,5,F36538BB-5D06-004C-7E98-E0E4C376E423,Y,0,0,9999999,0,Year,Third,,N,,,Y,N,N,Y,N
IMMDT_PRNT_ENTRPRS_ASSGNMNT,8F9FF036-0D84-166A-491F-B4ED84D9F6A1,541,,DAAC984B-B2E8-C145-BF34-9BFB502D9CBB,508,,,,7,7A67499C-0479-82E2-9F82-A693B748701D,Y,0,0,9999999,0,Year,Third,,N,,,Y,N,N,Y,N
INSTRMNT,87B8F2F3-99B6-4C31-89BC-9DDA04011559,542,,DAAC984B-B2E8-C145-BF34-9BFB502D9CBB,508,,,,31,E3679F77-0ED6-93EB-F366-44CA2F802395,Y,0,0,9999999,0,Year,Third,,N,,,Y,N,N,Y,N
INSTRMNT_CLLTRL_RCVD_INSTRMNT_ASSGNMNT,2B7134E9-8D81-062B-F261-200AF17BFD53,543,,DAAC984B-B2E8-C145-BF34-9BFB502D9CBB,508,,,,6,BA6872F2-94CA-21F5-EE67-2D64E8105B0E,Y,0,0,9999999,0,Year,Third,,N,,,Y,N,N,Y,N
INSTRMNT_ENTTY_RL_ASSGNMNT,20330E6F-0744-BF7D-201C-E484EA75CEAC,544,,DAAC984B-B2E8-C145-BF34-9BFB502D9CBB,508,,,,9,FE45E328-F07E-B6E9-3D7B-D350215923F8,Y,0,0,9999999,0,Year,Third,,N,,,Y,N,N,Y,N
INSTRMNT_HDGD_EXCHNG_TRDBL_DRVTV,563B0DE8-D855-C0A8-EE87-315713424AB1,545,,DAAC984B-B2E8-C145-BF34-9BFB502D9CBB,508,,,,9,E3679F77-0ED6-93EB-F366-44CA2F802395,Y,0,0,9999999,0,Year,Third,,N,,,Y,N,N,Y,N
INSTRMNT_HDGD_OTC_DRVTV,40C5F5DD-9446-319D-50ED-E050432DDA31,546,,DAAC984B-B2E8-C145-BF34-9BFB502D9CBB,508,,,,5,E3679F77-0ED6-93EB-F366-44CA2F802395,Y,0,0,9999999,0,Year,Third,,N,,,Y,N,N,Y,N
INSTRMNT_PRTCN_ARRNGMNT_ASSGNMNT,8BB7E103-746A-8633-A090-1A7C865B505C,547,,DAAC984B-B2E8-C145-BF34-9BFB502D9CBB,508,,,,4,B00C49F8-7AB8-0344-2390-66F8B305696A,Y,0,0,9999999,0,Year,Third,,N,,,Y,N,N,Y,N
INTRNL_GRP_KY_MNGMNT_PRSNLL_ASSGNMNT,76D28A3F-DFF9-3610-621B-C78C84E02C5B,548,,DAAC984B-B2E8-C145-BF34-9BFB502D9CBB,508,,,,5,F36538BB-5D06-004C-7E98-E0E4C376E423,Y,0,0,9999999,0,Year,Third,,N,,,Y,N,N,Y,N
INTRNL_GRP_RL,F381AC6F-36A2-74B9-A9DF-B8EB746CB04A,549,,DAAC984B-B2E8-C145-BF34-9BFB502D9CBB,508,,,,7,6A779D0D-F36E-D93D-2784-62A536E03441,Y,0,0,9999999,0,Year,Third,,N,,,Y,N,N,Y,N
INTRST_RT_RSK_HDG_PRTFL,41F18040-1922-2B65-3513-9B3DFF5EB868,550,,DAAC984B-B2E8-C145-BF34-9BFB502D9CBB,508,,,,5,33380944-8442-174B-069A-88F99EEEC3DC,Y,0,0,9999999,0,Year,Third,,N,,,Y,N,N,Y,N
KB_PR_BCKT,F1AD8097-18EA-20A1-A585-C9830526767D,551,,DAAC984B-B2E8-C145-BF34-9BFB502D9CBB,508,,,,2,1B94F88B-CE04-E04E-DE88-6866B6DBCB24,Y,0,0,9999999,0,Year,Third,,N,,,Y,N,N,Y,N
LN_AND_ADVNC_LG_LN_AND_ADVNC_ASSGNMNT,DD75177A-4C79-F2BD-73C3-EFA2CCE322A2,552,,DAAC984B-B2E8-C145-BF34-9BFB502D9CBB,508,,,,5,E3679F77-0ED6-93EB-F366-44CA2F802395,Y,0,0,9999999,0,Year,Third,,N,,,Y,N,N,Y,N
LN_EXCLDNG_RPRCHS_AGRMNT_CLLTRL_ASSGNMNT,FC005F65-6FF1-680C-8AB1-7B3D9E8836D7,553,,DAAC984B-B2E8-C145-BF34-9BFB502D9CBB,508,,,,8,BA6872F2-94CA-21F5-EE67-2D64E8105B0E,Y,0,0,9999999,0,Year,Third,,N,,,Y,N,N,Y,N
LNG_DBT_SCRTY_PSTN_PRDNTL_PRTFL_ASSGNMNT_ENCMBRNC_DT,8F0240C3-1EF8-D1BD-F1C3-1C5844FFC61F,554,,DAAC984B-B2E8-C145-BF34-9BFB502D9CBB,508,,,,8,6B4999C9-9ED0-E7FF-EF12-F2895351A157,Y,0,0,9999999,0,Year,Third,,N,,,Y,N,N,Y,N
LNG_EQTY_FND_SCRTY_PSTN_PRDNTL_PRTFL_ASSGNMNT_ENCMBRNC_DT,2B905007-2409-A717-6991-C1D8F3AC9481,555,,DAAC984B-B2E8-C145-BF34-9BFB502D9CBB,508,,,,8,6B4999C9-9ED0-E7FF-EF12-F2895351A157,Y,0,0,9999999,0,Year,Third,,N,,,Y,N,N,Y,N
LNG_NN_NGTBL_SCRTY_PSTN_CLLTRL_ASSGNMNT,F69AD51E-E0B2-3033-CF2D-ED99970C1B17,556,,DAAC984B-B2E8-C145-BF34-9BFB502D9CBB,508,,,,9,6B4999C9-9ED0-E7FF-EF12-F2895351A157,Y,0,0,9999999,0,Year,Third,,N,,,Y,N,N,Y,N
LNG_SCRTY_PSTN_PRDNTL_PRTFL_ASSGNMNT,091C9649-9DAD-A360-8F8D-5A8A2FEB2085,557,,DAAC984B-B2E8-C145-BF34-9BFB502D9CBB,508,,,,14,6B4999C9-9ED0-E7FF-EF12-F2895351A157,Y,0,0,9999999,0,Year,Third,,N,,,Y,N,N,Y,N
LNG_SCRTY_PSTN_PRDNTL_PRTFL_ASSGNMNT_ACCNTNG_CLSSFCTN_FNNCL_ASSTS_ASSGNMNT,9F421C51-81D2-1CA4-C087-DD73054CACA2,558,,DAAC984B-B2E8-C145-BF34-9BFB502D9CBB,508,,,,35,6B4999C9-9ED0-E7FF-EF12-F2895351A157,Y,0,0,9999999,0,Year,Third,,N,,,Y,N,N,Y,N
LNG_SCRTY_PSTN_PRDNTL_PRTFL_ASSGNMNT_RSK_DT,52F1D228-FFF6-884D-17F5-72A3192E8974,559,,DAAC984B-B2E8-C145-BF34-9BFB502D9CBB,508,,,,13,6B4999C9-9ED0-E7FF-EF12-F2895351A157,Y,0,0,9999999,0,Year,Third,,N,,,Y,N,N,Y,N
LNKD_ENTRPRS_ASSGNMNT,1836F063-19E1-1F83-57DE-27E40D4E3421,560,,DAAC984B-B2E8-C145-BF34-9BFB502D9CBB,508,,,,5,7A67499C-0479-82E2-9F82-A693B748701D,Y,0,0,9999999,0,Year,Third,,N,,,Y,N,N,Y,N
MSTR_AGRMNT,37DB2BA8-2B30-7120-63C6-711F884FA1FB,561,,DAAC984B-B2E8-C145-BF34-9BFB502D9CBB,508,,,,4,B00C49F8-7AB8-0344-2390-66F8B305696A,Y,0,0,9999999,0,Year,Third,,N,,,Y,N,N,Y,N
MSTR_AGRMNT_ENTTY_RL_ASSGNMNT,EC17E251-4BB9-DF54-1517-C50FCDB61BDC,562,,DAAC984B-B2E8-C145-BF34-9BFB502D9CBB,508,,,,6,B00C49F8-7AB8-0344-2390-66F8B305696A,Y,0,0,9999999,0,Year,Third,,N,,,Y,N,N,Y,N
MSTR_AGRMNT_FNNCL_CNTRCT_ASSGNMNT,B6CA738A-697C-AB13-B1FC-C21968D790ED,563,,DAAC984B-B2E8-C145-BF34-9BFB502D9CBB,508,,,,4,B00C49F8-7AB8-0344-2390-66F8B305696A,Y,0,0,9999999,0,Year,Third,,N,,,Y,N,N,Y,N
NN_FNNCL_ASST,911F88D7-3E8F-8DEA-C35E-BF7ABDD0AA6E,564,,DAAC984B-B2E8-C145-BF34-9BFB502D9CBB,508,,,,16,33380944-8442-174B-069A-88F99EEEC3DC,Y,0,0,9999999,0,Year,Third,,N,,,Y,N,N,Y,N
NN_FNNCL_LBLTY,9D236732-1528-38C6-57A5-58669DEA1C7F,565,,DAAC984B-B2E8-C145-BF34-9BFB502D9CBB,508,,,,6,33380944-8442-174B-069A-88F99EEEC3DC,Y,0,0,9999999,0,Year,Third,,N,,,Y,N,N,Y,N
NTRL_PRSN_KY_MNGMNT_PRSNLL_ASSGNMNT,6CD36370-AA2F-DFD0-0A4E-D9A80ABDD63F,566,,DAAC984B-B2E8-C145-BF34-9BFB502D9CBB,508,,,,4,7A67499C-0479-82E2-9F82-A693B748701D,Y,0,0,9999999,0,Year,Third,,N,,,Y,N,N,Y,N
OFF_BLNC_INSTRMNT_CLLTRL_ASSGNMNT,2EAD3900-8B63-BE5F-1DDF-ECA499267C8A,567,,DAAC984B-B2E8-C145-BF34-9BFB502D9CBB,508,,,,5,BA6872F2-94CA-21F5-EE67-2D64E8105B0E,Y,0,0,9999999,0,Year,Third,,N,,,Y,N,N,Y,N
OTC_DRVTV_INSTRMNT_SNTHTC_SCRTSTN_ASSGNMNT,81AF6327-8E8D-E0FC-5C62-57068F01EFD4,568,,DAAC984B-B2E8-C145-BF34-9BFB502D9CBB,508,,,,4,A0CBE5B5-15E4-B4F0-F88E-E83729225A42,Y,0,0,9999999,0,Year,Third,,N,,,Y,N,N,Y,N
OTHR_PRTY_ID,E916645D-FF3A-DD80-E87E-9BE9086C5F10,569,,DAAC984B-B2E8-C145-BF34-9BFB502D9CBB,508,,,,6,7A67499C-0479-82E2-9F82-A693B748701D,Y,0,0,9999999,0,Year,Third,,N,,,Y,N,N,Y,N
PRTCTN_ARRNGMNT,92DE0027-230E-601C-FF70-EB25116904DC,570,,DAAC984B-B2E8-C145-BF34-9BFB502D9CBB,508,,,,5,B00C49F8-7AB8-0344-2390-66F8B305696A,Y,0,0,9999999,0,Year,Third,,N,,,Y,N,N,Y,N
PRTCTN_PRTCTN_PRVD_ASSGNMNT,32D5B136-770A-3A62-3CEB-30326C7DD428,571,,DAAC984B-B2E8-C145-BF34-9BFB502D9CBB,508,,,,6,9233E877-99B3-25CB-0DCC-48B7E03DC1DD,Y,0,0,9999999,0,Year,Third,,N,,,Y,N,N,Y,N
PRTNR_ENTRPRS_ASSGNMNT,EEF1451A-1D6D-A6E2-44B6-635F3DA898D5,572,,DAAC984B-B2E8-C145-BF34-9BFB502D9CBB,508,,,,6,7A67499C-0479-82E2-9F82-A693B748701D,Y,0,0,9999999,0,Year,Third,,N,,,Y,N,N,Y,N
PRTY,E5401A5A-9FF6-40E0-EBE3-FDA5AAE23FCF,573,,DAAC984B-B2E8-C145-BF34-9BFB502D9CBB,508,,,,42,7A67499C-0479-82E2-9F82-A693B748701D,Y,0,0,9999999,0,Year,Third,,N,,,Y,N,N,Y,N
PRTY_CD,3393DC2F-435C-1115-B8BC-0197A2055091,574,,DAAC984B-B2E8-C145-BF34-9BFB502D9CBB,508,,,,5,7A67499C-0479-82E2-9F82-A693B748701D,Y,0,0,9999999,0,Year,Third,,N,,,Y,N,N,Y,N
PRTY_PRVS_PRD_DT,E82685FB-F785-50B8-620B-7D601824A60B,575,,DAAC984B-B2E8-C145-BF34-9BFB502D9CBB,508,,,,5,7A67499C-0479-82E2-9F82-A693B748701D,Y,0,0,9999999,0,Year,Third,,N,,,Y,N,N,Y,N
RPRCHS_AGRMNT_CMPNNT,1EAF4C6F-2374-8304-D71C-91E071678795,576,,DAAC984B-B2E8-C145-BF34-9BFB502D9CBB,508,,,,7,E3679F77-0ED6-93EB-F366-44CA2F802395,Y,0,0,9999999,0,Year,Third,,N,,,Y,N,N,Y,N
RSK_FAC_SA,CE4EB787-3E2C-8137-59B0-462D43187FB2,577,,DAAC984B-B2E8-C145-BF34-9BFB502D9CBB,508,,,,14,1B94F88B-CE04-E04E-DE88-6866B6DBCB24,Y,0,0,9999999,0,Year,Third,,N,,,Y,N,N,Y,N
RTNG_AGNCY,FDBD8A40-0106-A02B-4362-46473D8288FB,578,,DAAC984B-B2E8-C145-BF34-9BFB502D9CBB,508,,,,2,6E05D22A-D6DB-0396-42A2-4B1DB49EB60E,Y,0,0,9999999,0,Year,Third,,N,,,Y,N,N,Y,N
RTNG_GRD,9D8C0F43-4476-2732-974B-98AA8E84332C,579,,DAAC984B-B2E8-C145-BF34-9BFB502D9CBB,508,,,,5,6E05D22A-D6DB-0396-42A2-4B1DB49EB60E,Y,0,0,9999999,0,Year,Third,,N,,,Y,N,N,Y,N
RTNG_GRD_CNTRY_ASSGNMNT,FEA328F8-3AA2-8C6C-0D6E-72741828A5A0,580,,DAAC984B-B2E8-C145-BF34-9BFB502D9CBB,508,,,,4,6E05D22A-D6DB-0396-42A2-4B1DB49EB60E,Y,0,0,9999999,0,Year,Third,,N,,,Y,N,N,Y,N
RTNG_GRD_ISS_BSD_RTNG_SSTM_DBT_SCRTY_ASSGNMNT,C2253E65-08CB-2D2D-ECF9-F915CB6CF360,581,,DAAC984B-B2E8-C145-BF34-9BFB502D9CBB,508,,,,6,6E05D22A-D6DB-0396-42A2-4B1DB49EB60E,Y,0,0,9999999,0,Year,Third,,N,,,Y,N,N,Y,N
RTNG_GRD_OTHR_ORGNSTN_ASSGNMNT,BD33CCFB-08ED-EA24-E528-2295EE92430A,582,,DAAC984B-B2E8-C145-BF34-9BFB502D9CBB,508,,,,6,6E05D22A-D6DB-0396-42A2-4B1DB49EB60E,Y,0,0,9999999,0,Year,Third,,N,,,Y,N,N,Y,N
RTNG_SYSTM,226E5594-A3BF-77DB-E777-BDAE537244C6,583,,DAAC984B-B2E8-C145-BF34-9BFB502D9CBB,508,,,,5,6E05D22A-D6DB-0396-42A2-4B1DB49EB60E,Y,0,0,9999999,0,Year,Third,,N,,,Y,N,N,Y,N
RTNG_SYSTM_APPLD_LGL_PRSN,403D137D-AB40-99FD-B3ED-7781D7D30DE0,584,,DAAC984B-B2E8-C145-BF34-9BFB502D9CBB,508,,,,6,6E05D22A-D6DB-0396-42A2-4B1DB49EB60E,Y,0,0,9999999,0,Year,Third,,N,,,Y,N,N,Y,N
SBSDRY_JNT_VNTR_ASSCT_OTHR_ORGNSTN_ASSGNMNT,E8F04457-E878-EECF-C5C6-937C9A15D64E,585,,DAAC984B-B2E8-C145-BF34-9BFB502D9CBB,508,,,,15,F36538BB-5D06-004C-7E98-E0E4C376E423,Y,0,0,9999999,0,Year,Third,,N,,,Y,N,N,Y,N
SCRTY_ENTTY_RL_ASSGNMNT,4B9E4A10-D342-69DB-2378-1DE06B06B59F,586,,DAAC984B-B2E8-C145-BF34-9BFB502D9CBB,508,,,,6,6B4999C9-9ED0-E7FF-EF12-F2895351A157,Y,0,0,9999999,0,Year,Third,,N,,,Y,N,N,Y,N
SCRTY_EXCHNG_TRDBL_DRVTV,D6CB5732-4496-49FD-B2BA-8283C03255CA,587,,DAAC984B-B2E8-C145-BF34-9BFB502D9CBB,508,,,,46,178C245A-208C-578D-F0C5-C390D8542711,Y,0,0,9999999,0,Year,Third,,N,,,Y,N,N,Y,N
SCRTY_HDGD_EXCHNG_TRDBL_DRVTV,95651791-55BF-844B-FE92-BADC9916C426,588,,DAAC984B-B2E8-C145-BF34-9BFB502D9CBB,508,,,,9,6B4999C9-9ED0-E7FF-EF12-F2895351A157,Y,0,0,9999999,0,Year,Third,,N,,,Y,N,N,Y,N
SCRTY_PSTN,C90D678E-EB19-129D-06C6-1289B6CB3DA4,589,,DAAC984B-B2E8-C145-BF34-9BFB502D9CBB,508,,,,23,6B4999C9-9ED0-E7FF-EF12-F2895351A157,Y,0,0,9999999,0,Year,Third,,N,,,Y,N,N,Y,N
SCRTY_PSTN_HDGD_OTC_DRVTV,AEE4FBB2-3EC7-A47F-ED9C-D2AAADFB2F3B,590,,DAAC984B-B2E8-C145-BF34-9BFB502D9CBB,508,,,,11,E3679F77-0ED6-93EB-F366-44CA2F802395,Y,0,0,9999999,0,Year,Third,,N,,,Y,N,N,Y,N
SCRTY_SCRTY_RPRCHS_AGRMNT_CMPNNT_ASSGNMNT,A3B79CFA-B1DC-D05D-5EF8-9DBB2F3D9474,591,,DAAC984B-B2E8-C145-BF34-9BFB502D9CBB,508,,,,8,E3679F77-0ED6-93EB-F366-44CA2F802395,Y,0,0,9999999,0,Year,Third,,N,,,Y,N,N,Y,N
SCTRY_BRRWNG_LNDNG_TRNSCTN_INCLDNG_CSH_CLLTRL,79C41C02-ECF4-5A26-14B6-4354498DFB09,592,,DAAC984B-B2E8-C145-BF34-9BFB502D9CBB,508,,,,8,E3679F77-0ED6-93EB-F366-44CA2F802395,Y,0,0,9999999,0,Year,Third,,N,,,Y,N,N,Y,N
SHRT_SCRTY_PSTN_PRDNTL_PRTFL_ASSGNMNT,85F80458-02BC-F6E8-F727-1934AF01FD0C,593,,DAAC984B-B2E8-C145-BF34-9BFB502D9CBB,508,,,,9,6B4999C9-9ED0-E7FF-EF12-F2895351A157,Y,0,0,9999999,0,Year,Third,,N,,,Y,N,N,Y,N
SNTHTC_SCRTSTN,23E74B88-0E40-C754-77D0-56E2179103C3,594,,DAAC984B-B2E8-C145-BF34-9BFB502D9CBB,508,,,,10,A0CBE5B5-15E4-B4F0-F88E-E83729225A42,Y,0,0,9999999,0,Year,Third,,N,,,Y,N,N,Y,N
SYNDCTD_CNTRCT,CE424EA8-2753-D634-A76A-60C40F4FD1AF,595,,DAAC984B-B2E8-C145-BF34-9BFB502D9CBB,508,,,,1,B00C49F8-7AB8-0344-2390-66F8B305696A,Y,0,0,9999999,0,Year,Third,,N,,,Y,N,N,Y,N
TRDTNL_SCRTSTN,9C441344-A6AD-CB94-E4F8-CAC0A96E639E,596,,DAAC984B-B2E8-C145-BF34-9BFB502D9CBB,508,,,,11,A0CBE5B5-15E4-B4F0-F88E-E83729225A42,Y,0,0,9999999,0,Year,Third,,N,,,Y,N,N,Y,N
TRNCH_SYNTHTC_SCRTSTN_WTHT_SSPE_DPST,0CCB480D-9CA6-6581-F54D-9B83F1D51E3F,597,,DAAC984B-B2E8-C145-BF34-9BFB502D9CBB,508,,,,7,A0CBE5B5-15E4-B4F0-F88E-E83729225A42,Y,0,0,9999999,0,Year,Third,,N,,,Y,N,N,Y,N
TRNCH_SYNTHTC_SCRTSTN_WTHT_SSPE_FNNCL_GRNT,A75EE4F7-B26F-E227-226B-AAF8E7A528E6,598,,DAAC984B-B2E8-C145-BF34-9BFB502D9CBB,508,,,,7,A0CBE5B5-15E4-B4F0-F88E-E83729225A42,Y,0,0,9999999,0,Year,Third,,N,,,Y,N,N,Y,N
TRNCH_TRDTNL_SCRTSTN,83E5E3BF-6FBA-EF30-2956-7C488E0B0199,599,,DAAC984B-B2E8-C145-BF34-9BFB502D9CBB,508,,,,7,A0CBE5B5-15E4-B4F0-F88E-E83729225A42,Y,0,0,9999999,0,Year,Third,,N,,,Y,N,N,Y,N
